make,model,type,fuelType,engine,horsepower,torqueLbFt,chassis,transmission,yearStart,yearEnd,floorplanCount,floorplans,lengthMinFt,lengthMaxFt,weightMinLbs,weightMaxLbs,sleeps,slideouts,rating,engine2000_2005,horsepower2000_2005,engine2006_2015,horsepower2006_2015,engine2016_2026,horsepower2016_2026,freshWater,grayWater,blackWater,fuelCapacityGal,towingCapacity,generator
Airstream,Atlas,Class B,Diesel,Mercedes-Benz diesel (Sprinter),188,,Mercedes-Benz Sprinter,,2018,2026,4,24CE; 24GT; 24TE; Tommy Bahama,24,25,10500,12500,4,0,4.8,,,,,Mercedes-Benz diesel (Sprinter),188,30,24,24,,5000,None (solar + lithium common)
Airstream,Bambi,Travel Trailer,N/A (towable),,,,N/A (towable),,1961,2026,4,16RB; 19CB; 20FB; 22FB,16,22,2800,4500,4,0,4.8,,,,,,,23,18,18,,0,
Airstream,Basecamp,Travel Trailer,N/A (towable),,,,N/A (towable),,2016,2026,5,16; 16X; 20; 20X; 20XE,16,21,2500,3800,4,0,4.65,,,,,,,20,14,14,,0,
Airstream,Caravel,Travel Trailer,N/A (towable),,,,N/A (towable),,2017,2026,4,16RB; 19CB; 20FB; 22FB,16,22,3000,4800,4,0,4.75,,,,,,,23,18,18,,0,
Airstream,Classic,Travel Trailer,N/A (towable),,,,N/A (towable),,2000,2026,4,30RB; 30RBT; 33FB; 33FBT,30,33,7500,9000,4,0,4.9,,,,,,,40,30,30,,0,
Airstream,Flying Cloud,Travel Trailer,N/A (towable),,,,N/A (towable),,2000,2026,9,23FB; 23FBT; 25FB; 25FBQ; 25RB; 27FB; 27FBQ; 30FB; 30FBQ,23,30,5200,7800,6,0,4.8,,,,,,,36,26,26,,0,
Airstream,Globetrotter,Travel Trailer,N/A (towable),,,,N/A (towable),,2016,2026,4,23FB; 25FB; 27FB; 30RB,23,30,5500,8000,4,0,4.85,,,,,,,36,26,26,,0,
Airstream,International,Travel Trailer,N/A (towable),,,,N/A (towable),,2000,2026,5,23FB; 25FB; 27FB; 28RB; 30RB,23,30,5400,7800,4,0,4.75,,,,,,,36,26,26,,0,
Airstream,Interstate,Class B,Diesel,Mercedes-Benz diesel (Sprinter),188,,Mercedes-Benz Sprinter,,2005,2026,7,19; 24GL; 24GT; 24GT Twin; 24X; Grand Tour EXT; Tommy Bahama,19,25,9000,12000,4,0,4.75,Mercedes-Benz turbodiesel (Sprinter / early T1N–NCV3),154,Mercedes-Benz turbodiesel (Sprinter),188,Mercedes-Benz diesel (Sprinter),188,26,22,18,,5000,
Airstream,Rangeline,Class B,Gas / Diesel (by chassis),Ford Transit / Mercedes (by year),188,,Ford Transit / Mercedes Sprinter,,2022,2026,2,18R; 18RB,18,19,8000,9500,2,0,4.6,,,,,Ford Transit / Mercedes (by year),188,20,15,12,,3500,
Airstream,Trade Wind,Travel Trailer,N/A (towable),,,,N/A (towable),,2021,2026,3,25FB; 25FBQ; 28RB,25,28,5800,7200,4,0,4.7,,,,,,,36,26,26,,0,
Alliance RV,Avenue,Fifth Wheel,N/A (towable),,,,N/A (towable),,2020,2026,7,30RL; 32RLS; 33RLS; 36RLP; 37RLP; 42MLQ; 42MLO,30,42,10000,15500,6,3,4.75,,,,,,,74,74,46,,0,
Alliance RV,Benchmark,Travel Trailer,N/A (towable),,,,N/A (towable),,2023,2026,4,29BH; 32RL; 34BH; 37FL,29,38,7000,11000,8,2,4.6,,,,,,,54,40,35,,0,
Alliance RV,Delta,Fifth Wheel,N/A (towable),,,,N/A (towable),,2022,2026,4,282RK; 294RL; 312BH; 322BH,28,34,7500,11500,8,2,4.65,,,,,,,60,40,40,,0,
Alliance RV,Paradigm,Fifth Wheel,N/A (towable),,,,N/A (towable),,2020,2026,9,295MK; 310RL; 312RK; 340RL; 370FB; 372RK; 385FL; 390MP; 395MK,33,42,12000,17000,6,3,4.85,,,,,,,98,98,49,,0,
Alliance RV,Valor,Toy Hauler,N/A (towable),,,,N/A (towable),,2021,2026,6,36V11; 37V13; 40V13; 42V13; 4213; 4216,37,46,14000,18500,8,3,4.8,,,,,,,100,50,50,,0,Onan 5500W Gas (optional package)
Alliance RV,Valor V-Series,Toy Hauler,N/A (towable),,,,N/A (towable),,2022,2026,3,36V12; 37V11; 40V12,36,42,13000,17000,8,3,4.7,,,,,,,100,50,50,,0,Onan 5500W Gas (optional)
American Coach,American Dream,Class A Diesel,Diesel,Cummins L9 / X15 (by option),450,1250,Spartan K3 (typical high-line),Allison 3000/4000,2000,2026,3,42G; 45A; 45B,42,45,48000,58000,6,4,4.8,Cummins ISL / ISB diesel (era),350,Cummins ISL / ISB 300–450HP (era),380,Cummins L9 450 std / X15 605 opt,450,80,45,45,,15000,Onan Diesel / Gas
American Coach,American Eagle,Class A Diesel,Diesel,Cummins L9 / X15 (by option),450,1250,Spartan / Freightliner high-line,Allison 3000/4000,2000,2026,3,45B; 45J; 45N,45,45,46000,56000,6,4,4.75,Cummins ISL / ISB diesel (era),350,Cummins ISL / ISB 300–450HP (era),380,Cummins L9 / X15 (by option),450,80,45,45,,15000,Onan Diesel / Gas
American Coach,American Tradition,Class A Diesel,Diesel,Cummins L9 450HP,450,1250,Freightliner Liberty Bridge / modular,Allison 3000,2000,2026,5,42G; 42R; 45A; 42Q; 42V,42,45,42000,50000,6,4,4.7,Cummins ISL / ISB diesel (era),350,Cummins ISL / ISB 300–450HP (era),380,Cummins L9 450HP,450,100,60,40,150,15000,Onan 10kW Quiet Diesel
ATC,Game Changer,Toy Hauler,N/A (towable),,,,N/A,,2014,2026,5,2015; 2816; 2819; 3019; 4019,20,41,5000,12000,6,0,4.6,,,,,,,40,30,30,,0,Onan 2500–5500W (package dependent)
ATC,Game Changer Pro,Toy Hauler,N/A (towable),,,,N/A,,2018,2026,4,2819; 3019; 3519; 4019,28,42,7000,13000,6,0,4.6,,,,,,,45,30,30,,0,Onan 4000–5500W package
ATC,Quest,Toy Hauler,N/A (towable),,,,N/A,,2016,2026,4,14; 16; 20; 28,16,28,3500,7000,4,0,4.5,,,,,,,20,15,15,,0,Portable / prep
ATC,Toy Hauler 8.5,Toy Hauler,N/A (towable),,,,N/A,,2015,2026,4,20; 24; 28; 32,20,32,4500,8000,4,0,4.5,,,,,,,30,20,20,,0,Portable / optional Onan
ATC,TrailBoss,Toy Hauler,N/A (towable),,,,N/A,,2012,2026,3,28; 32; 36,28,36,7000,11000,6,0,4.5,,,,,,,40,28,28,,0,Onan 4000W Gas (optional)
Beaver Coach,Marquis,Class A Diesel,Diesel,Cummins ISL 400HP,400,,Roadmaster IS,,1994,2009,3,40QB; 43WB; 45BQ,40,45,44000,52000,6,4,4.7,Cummins ISL 400–450HP class,400,Cummins ISL 400–450HP class,400,,,100,55,50,,10000,Onan 10000W Diesel QD
Beaver Coach,Patriot,Class A Diesel,Diesel,Cummins ISL 380HP,380,,Roadmaster IS,,1993,2009,3,37QB; 38BG; 40RB,37,40,40000,48000,6,3,4.6,Cummins ISB / ISL mid-diesel (era),340,Cummins ISB / ISL mid-diesel (era),340,,,90,48,48,,10000,Onan 8000W Diesel QD
Brinkley,Model G,Toy Hauler,N/A (towable),,,,N/A (towable · triple 7k axles),,2023,2026,8,3250; 3500; 3520; 3950; 3970; 4000; 4100; 4120,38,46,16900,23000,8,3,4.8,,,,,,,150,156,85,,0,Generator prep / optional (shared fuel station)
Brinkley,Model T,Toy Hauler,N/A (towable),,,,N/A (towable · triple 7k axles),,2021,2026,8,3250; 3500; 3520; 3950; 3970; 4000; 4100; 4120,38,46,16900,23000,8,3,4.8,,,,,,,150,156,85,,0,Generator prep / optional (shared fuel station)
Brinkley,Model T Air,Toy Hauler,N/A (towable),,,,N/A (towable),,2023,2026,3,250; 280; 295,25,32,7000,11000,6,1,4.7,,,,,,,60,40,40,,0,Optional / prep
Brinkley,Model Z,Fifth Wheel,N/A (towable),,,,N/A (towable),,2020,2026,4,2900; 3100; 3500; 3700,29,40,9000,14000,6,3,4.75,,,,,,,75,50,50,,0,Optional / prep
Brinkley,Model Z Air,Fifth Wheel,N/A (towable),,,,N/A (towable),,2022,2026,4,250; 280; 295; 310,25,33,7500,11000,6,2,4.7,,,,,,,60,40,40,,0,Optional / prep
Brinkley,Model Z Expand,Fifth Wheel,N/A (towable),,,,N/A (towable),,2023,2026,3,3100; 3500; 3700,31,40,10000,15000,8,3,4.75,,,,,,,60,40,40,,0,Optional / prep
Coach House,Platinum,Class B+,Diesel,Mercedes-Benz turbodiesel (Sprinter),188,,Mercedes Sprinter,,2010,2026,4,220TB; 221; 241; 241XL,22,25,9500,12000,4,1,4.75,,,Mercedes-Benz turbodiesel (Sprinter),188,Mercedes-Benz turbodiesel (Sprinter),188,32,26,22,,5000,Solar packages common
Coach House,Platinum II,Class B+,Diesel,Mercedes-Benz 2.0L I4 turbodiesel ~211HP,188,,Mercedes-Benz Sprinter 3500,,2015,2026,7,240DQ; 240SQ; 240DRT; 240SRT; 241XL DQ; 241XL SQ; 241XL RQ,24,26,10000,12500,4,1,4.8,,,Mercedes-Benz 3.0L V6 turbodiesel ~188HP,188,Mercedes-Benz 2.0L I4 turbodiesel ~211HP,211,35,28,25,,5000,Onan / LP optional + solar packages
Coachmen,Adrenaline,Toy Hauler,N/A (towable),,,,N/A (towable),,2014,2026,3,23LT; 29SS; 33OT,26,36,6000,11000,8,1,4.2,,,,,,,55,32,32,,0,Generator prep / optional 4kW
Coachmen,Apex,Travel Trailer,N/A (towable),,,,N/A (towable),,2010,2026,5,213RDS; 245BHS; 249RBS; 251RBK; 288BHS,21,30,4000,6500,8,1,4.3,,,,,,,44,30,30,,0,
Coachmen,Beyond,Class B,Gas,Ford Transit 3.5L EcoBoost,310,,Ford Transit,,2018,2026,3,22D; 22RB; 22C,22,23,9500,11000,4,0,4.3,,,,,Ford Transit 3.5L EcoBoost,310,24,16,0,,3500,None (solar option)
Coachmen,Brookstone,Fifth Wheel,N/A (towable),,,,N/A (towable),,2012,2026,3,390RL; 395RL; 398MB,38,42,12000,16000,6,3,4.4,,,,,,,60,40,40,,0,
Coachmen,Catalina,Travel Trailer,N/A (towable),,,,N/A (towable),,2010,2026,11,243RBS; 261BH; 263BHS; 263BHSCK; 263FKDS; 273DBHCK; 283EPIC; 283RKS; 283RNR; 293QBCK; 303RKDS,26,36,5500,8500,8,1,4.2,,,,,,,38,30,30,,0,
Coachmen,Chaparral,Fifth Wheel,N/A (towable),,,,N/A (towable),,2008,2026,4,336TSIK; 360IBL; 373MBRB; 370FL,34,40,10000,14000,8,3,4.3,,,,,,,60,40,40,,0,
Coachmen,Concord,Class C,Gas,Ford 7.3L V8,350,,Ford E-450,,2010,2026,5,280DS; 290DS; 300DS; 310BH; 320BH,28,33,13000,15500,7,2,4.3,,,Ford Triton V10 6.8L (E-450 / F-53 cutaway era),305,Ford 7.3L V8,350,48,32,32,,5000,Onan 4000W Gas MicroQuiet
Coachmen,Encore,Class A Gas,Gas,Ford 7.3L Godzilla / V10 (by year),350,,Ford F53,,2010,2026,4,325SS; 330TS; 370FL; 370RB,32,37,24000,30000,6,3,4.4,,,Ford Triton V10 6.8L,320,Ford 7.3L Godzilla / V10 (by year),350,82,44,42,,5000,Onan 5500W Gas MicroQuiet
Coachmen,Freedom Express,Travel Trailer,N/A (towable),,,,N/A (towable),,2012,2026,10,192RBS; 20SE; 23SE; 246RKS; 257BHS; 259FKDS; 292BHDS; 320BHDS; 326BHDE; 326BHDS,20,36,3800,7800,8,1,4.25,,,,,,,40,30,30,,0,
Coachmen,Freelander,Class C,Gas,Ford 7.3L / 6.2L (by year),350,,Ford E-450,,2005,2026,9,21RS; 22XG; 26DS; 27QB; 28BH; 30BH; 31BH; 32BH; 32FS,21,32,11000,16000,8,1,4.2,Ford Triton V10 6.8L,305,Ford Triton V10 6.8L (E-450 / F-53 cutaway era),305,Ford 7.3L / 6.2L (by year),350,50,28,28,,5000,Onan 4000W Gas MicroQuiet
Coachmen,Freelander LE,Class C,Gas,Ford 7.3L / 6.2L,350,,Ford E-450,,2015,2026,6,21RS; 22XG; 24BH; 26DS; 27QB; 28BH,21,28,10000,13000,6,1,4.2,,,Ford Triton V10 6.8L,320,Ford 7.3L / 6.2L,350,44,30,30,,5000,Onan 4000W Gas MicroQuiet
Coachmen,Galleria,Class B,Diesel,Mercedes-Benz diesel,188,,Mercedes Sprinter,,2016,2026,4,24A; 24FL; 24Q; 24T,24,25,10500,12000,4,0,4.5,,,,,Mercedes-Benz diesel,188,28,20,20,,5000,None (solar + lithium option)
Coachmen,Leprechaun,Class C,Gas,Ford 7.3L / Chevy 6.6L (by chassis),350,,Ford E-450 / Chevy 4500,,2000,2026,11,210RS; 220QB; 220XG; 240FS; 260DS; 260FS; 280BH; 298KB; 300BH; 311FS; 319MB,21,33,10000,15500,9,1,4.3,Ford Triton V10 6.8L,305,Ford Triton V10 6.8L (E-450 / F-53 cutaway era),305,Ford 7.3L / Chevy 6.6L (by chassis),350,50,26,26,,5000,Onan 4000W Gas MicroQuiet
Coachmen,Leprechaun Premier,Class C,Gas,Ford 7.3L V8,350,,Ford E-450,,2016,2026,6,260FS; 280BH; 298KB; 300BH; 311FS; 319MB,26,32,12500,15000,7,2,4.4,,,,,Ford 7.3L V8,350,44,30,30,,5000,Onan 4000W Gas MicroQuiet
Coachmen,Mirada,Class A Gas,Gas,Ford 7.3L / V10 (by year),350,,Ford F53,,2007,2026,4,29FW; 31FW; 35BH; 35OS,29,35,20000,26000,7,2,4.2,,,Ford Triton V10 6.8L,320,Ford 7.3L / V10 (by year),350,75,40,40,,5000,Onan 5500W Gas MicroQuiet
Coachmen,Prism,Class C,Diesel,Mercedes-Benz 3.0L V6 / 2.0L I4 (by year),211,,Mercedes Sprinter,,2013,2026,6,2150CB; 2200LE; 24CB; 24EX; 24FWS; 25FWS,22,26,10500,14000,4,0,4.5,,,Mercedes-Benz 3.0L V6 turbodiesel (Sprinter),188,Mercedes-Benz 3.0L V6 / 2.0L I4 (by year),211,30,22,22,,5000,Onan 2800W Diesel
Coachmen,Pursuit,Class A Gas,Gas,Ford 7.3L / V10 (by year),350,,Ford F53,,2006,2026,4,29SS; 31BH; 33BH; 33XPS,29,33,20000,25000,8,2,4.2,,,Ford Triton V10 6.8L,320,Ford 7.3L / V10 (by year),350,70,38,38,,5000,Onan 4000W Gas MicroQuiet
Coachmen,Sportscoach,Class A Diesel,Diesel,Cummins ISB / B6.7 ~340HP,340,,Freightliner,,2010,2026,4,364TS; 389QB; 403QBC; 407FW,36,40,38000,44000,6,3,4.4,,,Cummins ISB / ISL mid-diesel (era),340,Cummins ISB / B6.7 ~340HP,340,85,45,45,,10000,Onan 8000W Diesel QD
Coachmen,Sportscoach SRS Super C,Super C,Diesel,Ford Power Stroke 6.7L Diesel,330,,Ford F-550,,2018,2026,4,339DS; 350RB; 365RB; 376DB,33,38,24000,30000,6,3,4.5,,,,,Ford Power Stroke 6.7L Diesel,330,70,40,40,,15000,Onan 6000W Diesel
Country Coach,Allure,Class A Diesel,Diesel,Cummins ISL 450HP,450,,Country Coach Custom,,1997,2009,3,42B; 45B; 42Q,40,45,44000,52000,6,3,4.8,Cummins ISL 400–450HP class,400,Cummins ISL 400–450HP class,400,,,100,55,52,,10000,Onan 10000W Diesel QD
Country Coach,Inspire,Class A Diesel,Diesel,Cummins ISX 600HP,600,,Country Coach Custom,,1998,2009,4,360; 380; 390; 45DL,36,45,50000,58000,4,4,4.9,Cummins ISX 600HP class,600,Cummins ISX 600HP class,600,,,120,65,60,,10000,Onan 12500W Diesel QD
Country Coach,Intrigue,Class A Diesel,Diesel,Cummins X15 605HP,605,,Country Coach Custom Stainless,,1999,2009,4,500; 510; 530; 540,40,45,52000,60000,4,4,4.9,Cummins ISX 600HP class,600,Cummins ISX 600HP class,600,,,130,70,65,,10000,Onan 15000W Diesel QD
Crossroads,Cameo,Fifth Wheel,N/A (towable),,,,N/A,,2005,2026,3,2850BL; 3531RD; 3680MB,28,37,11000,16000,6,3,4.3,,,,,,,58,38,38,,0,
Crossroads,Cruiser Aire,Fifth Wheel,N/A (towable),,,,N/A,,2010,2026,3,28RL; 30RL; 32EL,28,34,7500,10500,6,2,4.2,,,,,,,60,40,40,,0,
Crossroads,Redwood,Fifth Wheel,N/A (towable),,,,N/A,,2012,2026,3,3401RL; 3901RL; 4150RD,35,43,12000,17000,6,3,4.5,,,,,,,60,40,40,,0,
Crossroads,Sunset Trail,Travel Trailer,N/A (towable),,,,N/A,,2005,2026,3,SS228RK; SS260BH; SS295QB,22,30,5500,8000,8,1,4.2,,,,,,,48,30,30,,0,
Crossroads,Volante,Fifth Wheel,N/A (towable),,,,N/A,,2014,2026,3,270RL; 310BH; 3201RL,28,35,7000,11000,6,2,4.2,,,,,,,60,40,40,,0,
Crossroads,Zinger TH,Toy Hauler,N/A (towable),,,,N/A,,2013,2026,3,298BH; 310BH; 330TH,30,36,7000,10000,8,1,4.1,,,,,,,50,30,30,,0,Generator prep
Damon Motor Coach,Daybreak,Class A Gas,Gas,Ford V10 6.8L,320,,Ford F53,,1997,2009,3,3270; 3374; 3376,32,37,20000,25000,7,2,4.1,Ford Triton V10 6.8L,320,Ford Triton V10 6.8L,320,,,70,36,36,,5000,Onan 5500W Gas MicroQuiet
Damon Motor Coach,Ultrasport,Class A Gas,Gas,Ford V10 6.8L,320,,Ford F53,,1999,2009,4,4351; 4371; 4391; 4373,33,39,22000,27000,7,2,4.2,Ford Triton V10 6.8L,320,Ford Triton V10 6.8L,320,,,78,40,40,,5000,Onan 5500W Gas MicroQuiet
DRV,Elite Suites,Fifth Wheel,N/A (towable),,,,N/A,,2012,2026,3,38RSSA; 40KSSB; 43RSSB,38,44,16000,21000,4,4,4.7,,,,,,,85,60,50,,0,
DRV,Full House,Toy Hauler,N/A (towable),,,,N/A,,2010,2026,3,LX455; LX450; MX450,42,46,18000,22000,6,3,4.8,,,,,,,100,60,50,,0,Onan 5500–8000W Gas/Diesel package
DRV,Mobile Suites,Fifth Wheel,N/A (towable),,,,N/A,,2008,2026,4,36RSSB3; 38RSSB3; 41RSSB4; 44RSSB4,36,44,18000,22000,4,4,4.8,,,,,,,80,56,56,,0,
DRV,Tradition,Fifth Wheel,N/A (towable),,,,N/A,,2008,2026,3,350RLS; 355LBSS; 390RLS,35,40,16000,20000,6,3,4.6,,,,,,,70,48,48,,0,
Dutchmen,Aerolite,Travel Trailer,N/A (towable),,,,N/A (towable),,2005,2026,5,1923RB; 2133RB; 2423BH; 2603QB; 2830QB,19,30,3500,6500,8,1,4.1,,,,,,,36,28,28,,0,
Dutchmen,Aspen Trail,Travel Trailer,N/A (towable),,,,N/A (towable),,2012,2026,7,17BH; 1950BH; 25BH; 26BH; 2810BHS; 2850BHS; 3020BHS,18,34,3500,7500,8,1,4.15,,,,,,,40,30,30,,0,
Dutchmen,Aspen Trail FW,Fifth Wheel,N/A (towable),,,,N/A (towable),,2012,2026,5,2860RL; 2910BH; 3010BH; 3250RLS; 3330RLS,28,35,7500,12000,8,3,4.2,,,,,,,50,50,35,,0,
Dutchmen,Astoria,Fifth Wheel,N/A (towable),,,,N/A (towable),,2012,2026,4,2913RL; 3213RLP; 3503RLD; 3553RLT,29,37,9000,14000,6,3,4.3,,,,,,,54,60,36,,0,
Dutchmen,Coleman,Travel Trailer,N/A (towable),,,,N/A (towable),,2006,2026,10,17B; 19BH; 22MHC; 2405BH; 2455RL; 2555BH; 263BH; 2855BH; 3005RL; 3225BH,18,35,3000,8500,10,1,4.1,,,,,,,40,30,30,,0,
Dutchmen,Infinity,Fifth Wheel,N/A (towable),,,,N/A (towable),,2015,2026,4,3370RL; 3550FL; 3750FL; 3920MB,33,40,11000,16000,8,3,4.3,,,,,,,60,70,40,,0,
Dutchmen,Kodiak,Travel Trailer,N/A (towable),,,,N/A (towable),,2006,2026,10,200BHSL; 201QBSL; 248BHSL; 261RBSL; 263BHSL; 283BHSL; 294BHSL; 296BHSL; 331BHSL; 332BHSL,22,36,4500,8500,10,1,4.2,,,,,,,44,32,32,,0,
Dutchmen,Voltage,Toy Hauler,N/A (towable),,,,N/A (towable),,2010,2026,6,3200; 3415; 3605; 3855; 3905; 4135,34,44,12000,18000,8,3,4.3,,,,,,,100,50,50,,0,Onan 5500W Gas (optional)
Dutchmen,Voltage V-Series,Toy Hauler,N/A (towable),,,,N/A (towable),,2014,2026,4,2705; 3200; 3605; 3905,28,40,9000,15000,8,2,4.25,,,,,,,80,40,40,,0,Generator prep
Dutchmen,Yukon,Fifth Wheel,N/A (towable),,,,N/A (towable),,2008,2026,5,343RLB; 381MBL; 393RLB; 397RLB; 399ML,34,41,12000,18000,8,4,4.35,,,,,,,60,70,40,,0,
Dynamax,DX3,Super C,Diesel,Ford 6.7L Power Stroke Diesel,330,,Ford F-550 Super Duty,,2015,2026,3,34KD; 37KD; 37TS,34,37,24000,32000,6,2,4.55,,,Ford 6.7L Power Stroke Diesel,330,Ford 6.7L Power Stroke Diesel,330,80,45,45,,15000,Onan 5.5–8kW Diesel
Dynamax,DynaQuest,Super C,Diesel,Ford 6.7L Power Stroke Diesel,330,950,Ford F-600 / Super C platform,,2008,2026,4,XL 3400; XL 3700; XL 3800; XL 3900,34,39,28000,36000,6,3,4.75,,,Ford 6.7L Power Stroke / Super C diesel (era),300,Ford 6.7L Power Stroke Diesel ~330HP,330,90,50,50,68,20000,Onan 8kW Diesel QD
Dynamax,Europa,Super C,Diesel,Ford 6.7L Power Stroke Diesel,330,950,Ford F-550 Super Duty,TorqShift automatic,2010,2026,4,31SS; 31RB; 33E; 34SS,31,34,22000,30000,6,2,4.6,,,Ford 6.7L Power Stroke Diesel,300,Ford 6.7L Power Stroke Diesel ~330HP,330,75,42,42,68,15000,Onan 5.5–6kW Diesel QD
Dynamax,Force,Super C,Diesel,Ford 6.7L Power Stroke Diesel,330,950,Ford F-600 Super Duty,TorqShift automatic,2012,2026,5,36FK; 37RB; 36BHK; 38TSK; 40TS,36,40,26000,36000,8,3,4.7,,,Ford 6.7L Power Stroke Diesel,300,Ford 6.7L Power Stroke Diesel ~330HP,330,90,50,50,68,22000,Onan 8kW Diesel QD
Dynamax,Grand Sport,Super C,Diesel,Cummins / Ford Super C diesel (era),300,,Freightliner / Ford Super C,,2005,2016,3,3300; 3500; 3700,33,37,22000,32000,6,2,4.4,Cummins or Ford Super C diesel (by chassis year),300,Cummins or Ford Super C diesel (by chassis year),300,Cummins or Ford Super C diesel (by chassis year),300,70,40,40,,12000,Onan Diesel QD
Dynamax,Isata 3,Class C,Gas,Ford Transit 3.5L EcoBoost V6,310,400,Ford Transit,,2016,2026,5,24FW; 24CB; 26DS; 24CB SD; 28SS,24,29,10000,12500,4,0,4.45,,,,,Ford Transit 3.5L EcoBoost V6 ~310HP,310,35,25,25,,5000,None (solar option) / optional
Dynamax,Isata 4,Class C,Diesel,Mercedes-Benz Sprinter turbodiesel,188,,Mercedes-Benz Sprinter,,2019,2026,5,24FW; 26DS; 26RK; 28SS; 28DS,24,28,10000,12500,4,1,4.55,,,,,Mercedes-Benz 2.0L I4 turbodiesel ~208HP,208,40,28,28,,5000,Onan 3600W / diesel option
Dynamax,Isata 5,Class C,Diesel,Mercedes-Benz Sprinter turbodiesel,188,,Mercedes-Benz Sprinter,,2014,2026,6,24FW; 26CB; 26DS; 27BH; 28SS; 30FW,24,30,10000,13000,6,0,4.6,,,Mercedes-Benz 3.0L V6 turbodiesel,188,Mercedes-Benz 2.0L I4 turbodiesel ~208HP,208,35,25,25,,5000,Onan 2800–3600W Diesel
Entegra Coach,Accolade,Super C,Diesel,Cummins Super C diesel ~340HP,340,,Freightliner Super C,,2015,2026,3,37L; 37M; 37K,37,38,26000,34000,6,2,4.55,,,Cummins Super C diesel ~340HP,340,Cummins Super C diesel ~340HP,340,60,40,40,,5000,Onan / Generac
Entegra Coach,Accolade XL,Super C,Diesel,Cummins Super C diesel,340,,Freightliner Super C,,2018,2026,2,37M; 37K,37,38,27000,35000,6,2,4.55,,,,,Cummins Super C diesel,340,60,40,40,,5000,Onan / Generac
Entegra Coach,Anthem,Class A Diesel,Diesel,Cummins L9 / X12 450–500HP,450,1250,Spartan K3,Allison 3000 MH,2014,2026,4,42DEQ; 44B; 44W; 44D,42,45,42000,52000,6,4,4.8,,,Cummins ISL / ISB 300–450HP (era),380,Cummins L9 / X12 450–500HP,450,60,40,40,,15000,Onan / Generac
Entegra Coach,Aspire,Class A Diesel,Diesel,Cummins L9 450HP,450,1250,Spartan K3 / Freightliner (by year),,2015,2026,3,38R; 42D; 44R,38,44,38000,48000,6,2,4.7,,,Cummins ISL / ISB 300–450HP (era),380,Cummins L9 450HP,450,60,40,40,,5000,Onan / Generac
Entegra Coach,Cornerstone,Class A Diesel,Diesel,Cummins X15 605HP,605,1950,Spartan K3,Allison 4000 MH,2014,2026,5,45A; 45B; 45W; 45Z; 45X,45,45,50000,58000,6,4,4.9,,,Cummins ISL / ISB 300–450HP (era),380,Cummins X15 605HP,605,100,60,50,150,15000,Onan 10–12.5kW Diesel QD
Entegra Coach,Esteem,Class C,Gas,Ford 7.3L V8,350,,Ford E-450,,2014,2026,3,26U; 29V; 31W,26,32,11000,14500,6,2,4.3,,,Ford 6.8L V10 / 6.2L V8 (by year),305,Ford 7.3L V8 Godzilla,350,60,40,40,,5000,Onan / Generac
Entegra Coach,Expanse,Class C,Gas,Ford Transit gas,310,,Ford Transit,,2018,2026,2,21B; 21D,21,24,9000,12000,6,2,4.35,,,,,Ford Transit gas,310,60,40,40,,5000,Onan / Generac
Entegra Coach,Qwest,Class C,Diesel,Mercedes-Benz Sprinter turbodiesel,188,,Mercedes-Benz Sprinter,,2015,2026,2,24L; 24R,24,25,10000,12000,6,2,4.45,,,Mercedes-Benz Sprinter 3.0L V6 turbodiesel,188,Mercedes-Benz 2.0L I4 turbodiesel,208,60,40,40,,5000,Onan / Generac
Entegra Coach,Reatta,Class A Diesel,Diesel,Cummins B6.7 360HP,360,800,Spartan K1,Allison 3000 MH,2016,2026,3,37K; 39BH; 39W,37,39,30000,38000,6,3,4.55,,,,,Cummins B6.7 360HP,360,80,50,45,90,10000,Onan 8kW Diesel QD
Entegra Coach,Reatta XL,Class A Diesel,Diesel,Cummins B6.7 360HP,360,800,Spartan K1,,2018,2026,3,37K; 39BH; 39W,37,39,30000,39000,6,2,4.55,,,,,Cummins B6.7 360HP,360,60,40,40,,5000,Onan / Generac
Entegra Coach,Vision,Class A Gas,Gas,Ford 7.3L Godzilla / V10 (by year),350,,Ford F53,,2014,2026,4,27A; 29S; 31B; 36A,27,36,15000,22000,8,2,4.45,,,Ford Triton V10 6.8L ~305–362HP,320,Ford 7.3L V8 Godzilla 350HP,350,60,40,40,,5000,Onan / Generac
Entegra Coach,Vision XL,Class A Gas,Gas,Ford 7.3L V8 Godzilla,350,,Ford F53,,2019,2026,3,29S; 31B; 36A,29,36,16000,23000,6,2,4.45,,,,,Ford 7.3L V8 Godzilla,350,60,40,40,,5000,Onan / Generac
Fleetwood,Bounder,Class A Gas,Gas,Ford 7.3L Godzilla / V10 (by year),350,,Ford F53,,1985,2026,4,33C; 35K; 36H; 36F,33,36,16000,22000,8,2,4.35,Ford Triton V10 6.8L ~305–362HP,320,Ford Triton V10 6.8L ~305–362HP,320,Ford 7.3L V8 Godzilla 350HP,350,80,45,45,,5000,Onan Diesel / Gas
Fleetwood,Bounder Classic,Class A Gas,Gas,Ford 7.3L / V10 (by year),350,,Ford F53,,2010,2022,2,33C; 35K,33,35,16000,21000,6,2,4.3,,,Ford Triton V10 6.8L ~305–362HP,320,Ford 7.3L V8,350,80,45,45,,10000,Onan Diesel / Gas
Fleetwood,Discovery,Class A Diesel,Diesel,Cummins B6.7 (ISB) 360HP,360,800,Freightliner XC-Series,Allison 3000 MH,2000,2026,7,36G; 38F; 38K; 40G; 38N; 36Q; 38W,36,40,30000,38000,6,3,4.5,Cummins ISB 6.7 300–340HP (by year),320,Cummins ISB 6.7 300–340HP (by year),320,Cummins B6.7 (ISB) 360HP,360,105,75,50,100,10000,Onan 8kW Diesel QD
Fleetwood,Discovery LXE,Class A Diesel,Diesel,Cummins L9 / ISX (by year/option),450,1250,Freightliner / Spartan (by option),Allison 3000 MH,2012,2026,4,40G; 40M; 44H; 44B,40,44,38000,48000,6,4,4.65,,,Cummins ISL / ISB 300–450HP (era),380,Cummins L9 450HP (higher options by build),450,100,60,50,100,15000,Onan 10kW Diesel QD
Fleetwood,Flair,Class A Gas,Gas,Ford 7.3L / V10 (by year),350,,Ford F53,,2008,2026,3,28A; 30U; 32S,28,32,14000,20000,6,2,4.3,,,Ford Triton V10 6.8L ~305–362HP,320,Ford 7.3L V8,350,80,45,45,,10000,Onan Diesel / Gas
Fleetwood,Jamboree,Class C,Gas,Ford 7.3L V8 / 6.2L (by year),350,,Ford E-450,,2000,2026,4,25B; 29V; 31M; 31W,25,32,11000,14500,8,1,4.25,Ford V10 / 6.8L or 6.0L (by year),305,Ford V10 / 6.8L or 6.0L (by year),305,Ford 7.3L V8 Godzilla 350HP,350,80,45,45,,10000,Onan Diesel / Gas
Fleetwood,Pace Arrow,Class A Gas,Gas,Ford 7.3L / V10 (by year),350,,Ford F53,,2000,2026,3,33D; 35R; 36U,33,36,17000,23000,6,2,4.4,Ford Triton V10 6.8L ~305–362HP,320,Ford Triton V10 6.8L ~305–362HP,320,Ford 7.3L V8 Godzilla,350,80,45,45,,10000,Onan Diesel / Gas
Fleetwood,Pulse,Class C,Diesel,Mercedes-Benz Sprinter turbodiesel,188,,Mercedes-Benz Sprinter,,2014,2026,3,24A; 24D; 24L,24,25,10000,12000,4,0,4.4,,,Mercedes-Benz Sprinter 3.0L V6 turbodiesel,188,Mercedes-Benz 2.0L I4 turbodiesel,208,80,45,45,,10000,Onan Diesel / Gas
Fleetwood,Storm,Class A Gas,Gas,Ford 7.3L / V10 (by year),350,,Ford F53,,2005,2026,3,28F; 32V; 36F,28,36,15000,22000,6,2,4.3,Ford Triton V10 6.8L ~305–362HP,320,Ford Triton V10 6.8L ~305–362HP,320,Ford 7.3L V8 Godzilla,350,80,45,45,,10000,Onan Diesel / Gas
Fleetwood,Tioga,Class C,Gas,Ford 7.3L V8,350,,Ford E-450,,2000,2026,3,24K; 25G; 31M,24,32,11000,14500,6,2,4.25,Ford V10 / 6.8L or 6.0L (by year),305,Ford V10 / 6.8L or 6.0L (by year),305,Ford 7.3L V8 Godzilla,350,80,45,45,,10000,Onan Diesel / Gas
Fleetwood,Tioga Ranger,Class C,Gas,Ford 6.2L / 7.3L,305,,Ford E-450,,2010,2024,2,25K; 31N,25,31,11000,14000,6,2,4.2,,,Ford V10 / 6.8L or 6.0L (by year),305,Ford 7.3L V8,350,80,45,45,,10000,Onan Diesel / Gas
Fleetwood,Xcursion,Class B,Diesel / Gas,Mercedes-Benz / RAM (by chassis year),208,,Sprinter or ProMaster (by package),,2024,2026,2,19CB; 24CB,19,25,8500,11000,2,0,4.45,,,,,Sprinter turbodiesel or ProMaster gas,208,80,45,45,,10000,Onan Diesel / Gas
Fleetwood Classic,American Heritage,Class A Diesel,Diesel,Cummins ISL 380HP,380,,Spartan K2,,1996,2005,3,40Q; 42Q; 45B,40,45,44000,52000,6,3,4.5,Cummins ISB / ISC mid-diesel (era),300,,,,,95,50,48,,10000,Onan 10000W Diesel QD
Fleetwood Classic,Providence,Class A Diesel,Diesel,Cummins ISX 600HP,600,,Spartan K3,,1999,2006,3,39D; 43A; 45A,39,45,46000,54000,4,4,4.7,Cummins ISX 600HP,600,Cummins ISX 600HP,600,,,105,55,52,,10000,Onan 12500W Diesel QD
Forest River,Berkshire,Class A Diesel,Diesel,Cummins B6.7 / L9 340–450HP,340,700,Freightliner XC-Series,Allison automatic,2010,2026,4,34QS; 38A; 39A; 40C,34,40,28000,38000,6,3,4.45,,,Cummins ISL / ISB 300–450HP (era),380,Cummins B6.7 / L9 340–450HP,340,80,50,45,90,10000,Onan 8kW Diesel QD
Forest River,Cardinal,Fifth Wheel,N/A (towable),,,,N/A (towable),,2010,2026,4,3450RL; 3825FL; 3950RL; 3456RL,21,42,4500,15000,8,2,4.35,,,,,,,60,40,40,,0,Onan / Generac
Forest River,Cedar Creek,Fifth Wheel,N/A (towable),,,,N/A (towable),,2010,2026,4,34RL2; 36CK2; 38EL; 38FB2,21,42,4500,15000,8,2,4.35,,,,,,,60,40,40,,0,Onan / Generac
Forest River,Cherokee Arctic Wolf,Fifth Wheel,N/A (towable),,,,N/A (towable),,2010,2026,16,255RRT; 27SGS; 285OPT; 287BH; 289PANO; 3250SUITE; 331BH; 3550WST; 3650SUITE; 3660SUITE; 3750SUITE; 3800DECK; 387ML; 38DST; 38LEAH; 3950SUITE,30,44,7800,14000,8,3,4.35,,,,,,,50,70,40,,0,
Forest River,Cherokee Grey Wolf,Travel Trailer,N/A (towable),,,,N/A (towable),,2012,2026,20,19SM; 20RDSE; 21AB; 22CE; 22MKSE; 23DBH; 23MK; 23MS; 26BRB; 26DBH; 26DJSE; 26KF; 26LK; 26LP; 26SS; 27GH; 27LH; 29NM; 29QB; 29TE,24,38,4500,7500,8,1,4.2,,,,,,,40,30,30,,0,
Forest River,Cherokee Wolf Pack,Toy Hauler,N/A (towable),,,,N/A (towable),,2011,2026,4,24PACK12; 27PACK10; 325PACK13; 365PACK16,21,42,4500,15000,8,1,4.35,,,,,,,60,40,40,,0,Onan / Generac
Forest River,Cherokee Wolf Pup,Travel Trailer,N/A (towable),,,,N/A (towable),,2013,2026,7,16BHS; 16FQ; 17JG; 18TO; 18RJB; 18TOW; 16FQDLX,16,22,2500,4200,6,0,4.15,,,,,,,26,25,25,,0,
Forest River,Columbus,Fifth Wheel,N/A (towable),,,,N/A (towable),,2010,2026,4,330RL; 377MBC; 383FB; 385BH,21,42,4500,15000,8,2,4.35,,,,,,,60,40,40,,0,Onan / Generac
Forest River,Dynamax Isata (FR),Class C,Diesel,Mercedes-Benz Sprinter turbodiesel,188,,Mercedes-Benz Sprinter,,2018,2026,3,3 Series 24FW; 3 Series 24RA; 5 Series 30FW,24,30,10000,14000,4,1,4.5,,,,,Mercedes-Benz 2.0L I4 turbodiesel,208,60,40,40,,5000,Onan / Generac
Forest River,Flagstaff Micro Lite,Travel Trailer,N/A (towable),,,,N/A (towable),,2010,2026,7,21FBRS; 21DS; 22FBS; 25BDS; 25BHS; 25FBTS; 25FKBS,21,29,4200,6500,6,1,4.45,,,,,,,43,30,30,,0,
Forest River,Forester,Class C,Gas,Ford 7.3L / 6.2L (by year),350,,Ford E-450,,2005,2026,4,2401W; 2501TS; 3011DS; 2861DS,22,33,11000,15000,8,1,4.25,Ford V10 / 6.8L or 6.0L (by year),305,Ford V10 / 6.8L or 6.0L (by year),305,Ford 7.3L V8 Godzilla 350HP,350,60,40,40,,5000,Onan / Generac
Forest River,Forester LE,Class C,Gas,Ford 7.3L / 6.2L (by year),350,,Ford E-450,,2013,2026,3,2251SLE; 2401LE; 2501LE,22,33,11000,15000,8,1,4.25,,,Ford 6.8L V10 / 6.2L V8 (by year),305,Ford 7.3L V8 Godzilla 350HP,350,60,40,40,,5000,Onan / Generac
Forest River,FR3,Class A Gas,Gas,Ford 7.3L V8 Godzilla,335,468,Ford F53,TorqShift 6-speed automatic,2015,2026,8,30DS; 31DS; 32DS; 33DS; 34DS; 35DS; 33Z; 35G,30,36,18000,22000,8,2,4.35,,,Ford Triton V10 6.8L,320,Ford 7.3L V8 Godzilla,335,52,42,42,80,5000,6kW gas (Yamaha / Onan by year)
Forest River,Georgetown,Class A Gas,Gas,Ford 7.3L / V10 (by year),350,,Ford F53,,2005,2026,3,328DS; 364TS; 369DS,32,37,16000,22000,8,2,4.3,Ford Triton V10 6.8L ~305–362HP,320,Ford Triton V10 6.8L ~305–362HP,320,Ford 7.3L V8 Godzilla,350,60,40,40,,5000,Onan / Generac
Forest River,Georgetown 5 Series,Class A Gas,Gas,Ford 7.3L Godzilla / V10 (by year),350,,Ford F53,,2014,2026,4,30X3; 31L5; 36B5; 36D5,30,36,16000,22000,8,2,4.35,,,Ford Triton V10 6.8L ~305–362HP,320,Ford 7.3L V8 Godzilla 350HP,350,60,40,40,,5000,Onan / Generac
Forest River,Georgetown XL,Class A Gas,Gas,Ford 7.3L / V10 (by year),350,,Ford F53,,2012,2026,3,377DS; 378TS; 369DS,36,38,18000,24000,8,3,4.4,,,Ford Triton V10 6.8L ~305–362HP,320,Ford 7.3L V8 Godzilla,350,60,40,40,,5000,Onan / Generac
Forest River,r-Pod,Travel Trailer,N/A (towable),,,,N/A (towable),,2009,2026,8,171; 180; 190; 193; 202; RP-171; RP-190; RP-202,16,25,2400,4200,4,0,4.3,,,,,,,30,30,30,,0,
Forest River,Rockwood Mini Lite,Travel Trailer,N/A (towable),,,,N/A (towable),,2010,2026,9,2104S; 2109S; 2204S; 2205S; 2506S; 2509S; 2511S; 2513S; 2516S,21,29,4200,6200,6,1,4.45,,,,,,,43,30,30,,0,
Forest River,Rockwood Signature,Fifth Wheel,N/A (towable),,,,N/A (towable),,2010,2026,4,8289WS; 8311WS; 8329SS; 8335BSS,21,42,4500,15000,8,2,4.35,,,,,,,60,40,40,,0,Onan / Generac
Forest River,Rockwood Ultra Lite,Travel Trailer,N/A (towable),,,,N/A (towable),,2012,2026,7,2606WS; 2608BS; 2612WS; 2706WS; 2720IK; 2897BS; 2912BS,28,34,6000,8500,8,2,4.4,,,,,,,54,38,30,,0,
Forest River,Sabre,Fifth Wheel,N/A (towable),,,,N/A (towable),,2010,2026,3,36BHQ; 38DBQ; 37FLH,21,42,4500,15000,8,2,4.35,,,,,,,60,40,40,,0,Onan / Generac
Forest River,Salem Cruise Lite,Travel Trailer,N/A (towable),,,,N/A (towable),,2010,2026,12,19DBXL; 21RBXL; 24DBXL; 25ICE; 263BHXL; 26BHXL; 26ICE; 273QBXL; 273QBXLX; 28VBXL; 29BHXL; 30QBXL,21,34,3800,7500,8,1,4.15,,,,,,,40,30,30,,0,
Forest River,Salem Hemisphere,Travel Trailer,N/A (towable),,,,N/A (towable),,2012,2026,8,270FKBH; 271RL; 273RL; 286RL; 308RL; 310BHI; 314BUD; 356QB,29,38,6500,9500,8,2,4.25,,,,,,,50,40,30,,0,
Forest River,Sandstorm,Toy Hauler,N/A (towable),,,,N/A (towable),,2011,2026,4,241SLR; 282SLR; 286GSLR; 333SLR,21,42,4500,15000,8,1,4.35,,,,,,,60,40,40,,0,Onan / Generac
Forest River,Solera,Class C,Diesel,Mercedes-Benz Sprinter turbodiesel,188,,Mercedes-Benz Sprinter,,2017,2026,3,24S; 24X; 24R,24,25,10000,12000,4,0,4.4,,,,,Mercedes-Benz 2.0L I4 turbodiesel,208,60,40,40,,5000,Onan / Generac
Forest River,Sunseeker,Class C,Gas,Ford 7.3L / 6.2L (by year),350,,Ford E-450,,2005,2026,4,2250S; 2500TS; 3010DS; 2850S,22,33,11000,15000,8,1,4.25,Ford V10 / 6.8L or 6.0L (by year),305,Ford V10 / 6.8L or 6.0L (by year),305,Ford 7.3L V8 Godzilla 350HP,350,60,40,40,,5000,Onan / Generac
Forest River,Sunseeker Classic,Class C,Gas,Ford 7.3L / 6.2L (by year),350,,Ford E-450,,2008,2026,2,3010DS; 3250DS,22,33,11000,15000,8,1,4.25,,,Ford V10 / 6.8L or 6.0L (by year),305,Ford 7.3L V8 Godzilla 350HP,350,60,40,40,,5000,Onan / Generac
Forest River,Sunseeker LE,Class C,Gas,Ford 7.3L / 6.2L (by year),350,,Ford E-450,,2012,2026,3,2250SLE; 2500LE; 2850LE,22,33,11000,15000,8,1,4.25,,,Ford 6.8L V10 / 6.2L V8 (by year),305,Ford 7.3L V8 Godzilla 350HP,350,60,40,40,,5000,Onan / Generac
Forest River,Wildwood,Travel Trailer,N/A (towable),,,,N/A (towable),,2008,2026,10,22RBS; 24RBS; 26DBUD; 27RE; 28VIEW; 29VBUD; 32BHDS; 32RET; 33TS; 36VBAL,24,38,5000,9500,10,2,4.15,,,,,,,40,30,30,,0,
Forest River,XLR Hyper Lite,Toy Hauler,N/A (towable),,,,N/A (towable),,2011,2026,4,21HFS; 26HFS; 29HFS; 3016,21,42,4500,15000,8,1,4.35,,,,,,,60,40,40,,0,Onan / Generac
Forest River,XLR Nitro,Toy Hauler,N/A (towable),,,,N/A (towable),,2011,2026,4,25KW; 28KW; 35DK5; 41G14,21,42,4500,15000,8,1,4.35,,,,,,,60,40,40,,0,Onan / Generac
Forest River,XLR Thunderbolt,Toy Hauler,N/A (towable),,,,N/A (towable),,2011,2026,3,340AMP; 380AMP; 415AMP,21,42,4500,15000,8,1,4.35,,,,,,,60,40,40,,0,Onan / Generac
Genesis Supreme,G-Force,Toy Hauler,N/A (towable),,,,N/A,,2010,2026,4,2814; 3314; 3514; 4014,28,40,8500,14000,8,1,4.3,,,,,,,90,45,45,,0,Onan 4000–5500W Gas (optional)
Genesis Supreme,Prizm,Toy Hauler,N/A (towable),,,,N/A,,2015,2026,3,2414; 2715; 2915,24,30,6500,9500,6,1,4.2,,,,,,,60,35,35,,0,Generator prep
Genesis Supreme,Stealth,Toy Hauler,N/A (towable),,,,N/A,,2016,2026,3,19FS; 22FS; 28FS,20,30,5000,8500,4,0,4.2,,,,,,,30,20,20,,0,Portable / prep
Genesis Supreme,Vortex,Toy Hauler,N/A (towable),,,,N/A,,2012,2026,4,2815V; 3215V; 3415V; 4015V,28,41,9000,15000,8,2,4.4,,,,,,,100,50,50,,0,Onan 5500W Gas (optional / prep)
Genesis Supreme,Vortex Pro,Toy Hauler,N/A (towable),,,,N/A,,2018,2026,3,3615; 4015; 4215,36,44,12000,16000,8,3,4.4,,,,,,,100,50,50,,0,Onan 5500W Gas (optional)
Georgie Boy,Cruise Master,Class A Gas,Gas,Ford V10 6.8L,320,,Ford F53,,1997,2007,3,3625; 3640; 3850,34,38,22000,27000,7,2,4.1,Ford Triton V10 6.8L,320,Ford Triton V10 6.8L,320,,,74,40,38,,5000,Onan 5500W Gas MicroQuiet
Georgie Boy,Pursuit,Class A Gas,Gas,Ford V10 6.8L,320,,Ford F53,,1999,2007,2,3605; 3650,34,37,20000,25000,6,2,4.0,Ford Triton V10 6.8L,320,Ford Triton V10 6.8L,320,,,68,36,36,,5000,Onan 4000W Gas MicroQuiet
Grand Design,Imagine,Travel Trailer,N/A (towable),,,,N/A (towable),,2014,2026,5,2150RB; 2500RL; 2800BH; 2970RL; 3100RD,21,35,4500,8500,8,1,4.55,,,,,,,52,39,39,,0,Optional / prep
Grand Design,Imagine XLS,Travel Trailer,N/A (towable),,,,N/A (towable),,2015,2026,4,17MKE; 21BHE; 22RBE; 23LDE,17,25,3500,6000,6,0,4.5,,,,,,,60,40,40,,0,Optional / prep
Grand Design,Momentum,Toy Hauler,N/A (towable),,,,N/A (towable),,2014,2026,4,349M; 376TH; 395M; 397TH,34,42,10000,16000,8,3,4.6,,,,,,,100,60,50,,0,Optional / prep
Grand Design,Momentum G-Class,Toy Hauler,N/A (towable),,,,N/A (towable),,2018,2026,3,21G; 25G; 29G,21,32,5000,9000,6,1,4.5,,,,,,,60,40,40,,0,Optional / prep
Grand Design,Momentum M-Class,Toy Hauler,N/A (towable),,,,N/A (towable),,2015,2026,4,328M; 349M; 381M; 395M,32,40,9000,14000,8,2,4.55,,,,,,,60,40,40,,0,Optional / prep
Grand Design,Momentum MAV,Toy Hauler,N/A (towable),,,,N/A (towable),,2022,2026,2,22MAV; 27MAV,22,28,5500,9000,6,1,4.55,,,,,,,60,40,40,,0,Optional / prep
Grand Design,Reflection,Fifth Wheel,N/A (towable),,,,N/A (towable),,2013,2026,5,28BH; 303RLS; 337RLS; 320MKS; 367BHS,28,38,7500,12000,8,3,4.6,,,,,,,60,40,40,,0,Optional / prep
Grand Design,Reflection 150 Series,Fifth Wheel,N/A (towable),,,,N/A (towable),,2015,2026,3,150 Series 220RK; 150 Series 260RD; 150 Series 295RL,22,32,5500,9000,6,2,4.55,,,,,,,60,40,40,,0,Optional / prep
Grand Design,Solitude,Fifth Wheel,N/A (towable),,,,N/A (towable),,2015,2026,5,310GK; 375RES; 377MBS; 380FL; 390RK,31,42,10000,16000,6,3,4.7,,,,,,,75,50,50,,0,Optional / prep
Grand Design,Solitude S-Class,Fifth Wheel,N/A (towable),,,,N/A (towable),,2019,2026,3,2930RL; 3740BH; 3800FL,29,40,9000,14000,8,3,4.65,,,,,,,60,40,40,,0,Optional / prep
Grand Design,Transcend,Travel Trailer,N/A (towable),,,,N/A (towable),,2018,2026,4,207RB; 245RL; 265BH; 297QB,20,32,4000,7500,8,1,4.45,,,,,,,60,40,40,,0,Optional / prep
Gulf Stream Coach,BT Cruiser,Class C,Gas,Ford V8 6.2L,385,,Ford E-450,,2008,2026,6,5210; 5230; 5245; 5291; 5270; 5316,23,30,10000,14000,6,1,4.1,,,Ford Triton V10 6.8L (E-450 / F-53 cutaway era),305,Ford V8 6.2L,385,44,30,30,,5000,Onan 4000W Gas MicroQuiet
Gulf Stream Coach,Conquest,Class A Gas,Gas,Ford V10 6.8L,320,,Ford F53,,1998,2012,4,8317; 8325; 8361; 8369,31,37,22000,27000,7,2,4.2,Ford Triton V10 6.8L,320,Ford Triton V10 6.8L,320,,,75,40,40,,5000,Onan 5500W Gas MicroQuiet
Gulf Stream Coach,Crescendo,Class A Diesel,Diesel,Cummins ISL 340HP,340,,Spartan K2,,2000,2010,3,8394; 8382; 8399,38,40,40000,48000,6,3,4.3,Cummins ISB / ISL mid-diesel (era),340,Cummins ISB / ISL mid-diesel (era),340,,,88,46,44,,10000,Onan 8000W Diesel QD
Gulf Stream Coach,Yellowstone,Class C,Gas,Ford V8 7.3L,350,,Ford E-450,,2012,2026,5,6316; 6320; 6330; 6341; 6350,30,34,13500,16000,7,2,4.2,,,Ford Triton V10 6.8L (E-450 / F-53 cutaway era),305,Ford V8 7.3L,350,44,30,30,,5000,Onan 4000W Gas MicroQuiet
Heartland,Big Country,Fifth Wheel,N/A (towable),,,,N/A (towable),,2005,2026,5,3150RL; 3500RL; 3560SS; 3702FL; 3902FL,31,40,10000,16000,8,3,4.35,,,,,,,60,70,40,,0,
Heartland,Bighorn,Fifth Wheel,N/A (towable),,,,N/A (towable),,2003,2026,8,3270RS; 3375SS; 3575SS; 3700FL; 3900FL; 3950MB; 3985QB; 4001QB,32,42,12000,19000,8,4,4.45,,,,,,,64,80,40,,0,
Heartland,Cyclone,Toy Hauler,N/A (towable),,,,N/A (towable),,2007,2026,6,3012; 3612; 4005King; 4006; 4113; 4270King,34,44,12000,18000,8,3,4.35,,,,,,,100,50,50,,0,Onan 5500W Gas (optional)
Heartland,Gravity,Fifth Wheel,N/A (towable),,,,N/A (towable),,2016,2026,4,3120; 3210; 3500; 3550,31,36,9000,13000,6,3,4.25,,,,,,,54,60,36,,0,
Heartland,Landmark,Fifth Wheel,N/A (towable),,,,N/A (towable),,2008,2026,6,365; 375; 392; 415; LM365; LM392,36,43,14000,19000,6,4,4.5,,,,,,,70,80,45,,0,
Heartland,Prowler,Travel Trailer,N/A (towable),,,,N/A (towable),,2003,2026,6,185LX; 212RBS; 250BH; 280TD; 290BH; 320BH,18,34,3500,8000,8,1,4.15,,,,,,,40,30,30,,0,
Heartland,Road Warrior,Toy Hauler,N/A (towable),,,,N/A (towable),,2012,2026,4,396; 427; 427DB; 431,38,44,14000,19000,8,3,4.4,,,,,,,100,50,50,,0,Onan 5500W Gas (optional)
Heartland,Sundance,Fifth Wheel,N/A (towable),,,,N/A (towable),,2003,2026,6,2600RE; 2800QB; 2910RL; 3100RL; 3260BH; 3200MK,28,36,8000,13000,8,3,4.3,,,,,,,54,60,36,,0,
Heartland,Torque,Toy Hauler,N/A (towable),,,,N/A (towable),,2011,2026,4,325; 350; 371; 413,32,42,11000,16000,8,2,4.3,,,,,,,90,45,45,,0,Generator prep / optional
Highland Ridge,Light Range TH,Toy Hauler,N/A (towable),,,,N/A,,2017,2026,3,261TH; 281TH; 301TH,26,32,6000,9000,6,1,4.2,,,,,,,45,28,28,,0,Generator prep
Highland Ridge,Mesa Ridge,Toy Hauler,N/A (towable),,,,N/A,,2016,2026,3,310MHS; 338MHS; 376MHS,32,39,10000,14000,8,2,4.3,,,,,,,75,40,40,,0,Generator prep / optional 4–5.5kW
Highland Ridge,Open Range,Toy Hauler,N/A (towable),,,,N/A,,2014,2026,3,337RLS; 376FBH; 391RDN,34,42,11000,15000,8,3,4.4,,,,,,,85,45,45,,0,Onan 5500W Gas (optional)
Highland Ridge,Open Range 3X,Fifth Wheel,N/A (towable),,,,N/A,,2013,2026,3,307RLS; 337RLS; 376FBH,32,40,10000,14000,6,3,4.4,,,,,,,60,40,40,,0,
Highland Ridge,Roamer,Fifth Wheel,N/A (towable),,,,N/A,,2015,2026,3,286RLS; 318RLS; 344RLS,29,36,8000,12000,6,2,4.3,,,,,,,60,40,40,,0,
Holiday Rambler,Ambassador,Class A Diesel,Diesel,Cummins B6.7 / L9 / ISL (by year),380,1000,Freightliner XCS / XC,Allison automatic,2000,2026,3,38F; 38R; 40B,38,40,34000,42000,6,3,4.5,Cummins ISL / ISB diesel (era),350,Cummins ISL / ISB 300–450HP (era),380,Cummins L9 / B6.7 class,380,80,45,45,,10000,Onan Diesel / Gas
Holiday Rambler,Armada,Class A Diesel,Diesel,Cummins B6.7 / L9 360–450HP,360,,Freightliner XC-Series,,2019,2026,3,36F; 38F; 40P,36,40,30000,40000,6,2,4.5,,,,,Cummins B6.7 / L9 360–450HP,360,80,45,45,,10000,Onan Diesel / Gas
Holiday Rambler,Augusta,Class C,Gas,Ford 7.3L V8,350,,Ford E-450,,2010,2026,3,25M; 29M; 31M,25,32,11000,14500,6,2,4.25,,,Ford V10 / 6.8L or 6.0L (by year),305,Ford 7.3L V8 Godzilla,350,80,45,45,,10000,Onan Diesel / Gas
Holiday Rambler,Invicta,Class A Gas,Gas,Ford 7.3L / V10 (by year),350,,Ford F53,,2010,2026,3,32A; 34P; 36A,32,36,15000,22000,6,2,4.3,,,Ford Triton V10 6.8L ~305–362HP,320,Ford 7.3L V8 Godzilla,350,80,45,45,,10000,Onan Diesel / Gas
Holiday Rambler,Navigator,Class A Diesel,Diesel,Cummins B6.7 / L9 360–450HP,360,800,Freightliner XC-Series,Allison automatic,2005,2026,4,38F; 38N; 38R; 38K,38,40,32000,40000,6,3,4.5,Cummins ISL / ISB diesel (era),350,Cummins ISL / ISB 300–450HP (era),380,Cummins B6.7 / L9 360–450HP,360,80,45,45,,10000,Onan Diesel / Gas
Holiday Rambler,Vacationer,Class A Gas,Gas,Ford 7.3L Godzilla / V10 (by year),350,,Ford F53,,2000,2026,3,33C; 35K; 36F,33,36,16000,22000,6,2,4.35,Ford Triton V10 6.8L ~305–362HP,320,Ford Triton V10 6.8L ~305–362HP,320,Ford 7.3L V8 Godzilla 350HP,350,80,45,45,,10000,Onan Diesel / Gas
Holiday Rambler,Xpedition,Class B,Diesel / Gas,Mercedes-Benz / RAM (by package),208,,Sprinter or ProMaster,,2024,2026,2,19CB; 24CB,19,25,8500,11000,6,2,4.45,,,,,Sprinter turbodiesel or ProMaster gas,208,80,45,45,,10000,Onan Diesel / Gas
Jayco,Alante,Class A Gas,Gas,Ford 7.3L / V10 (by year),350,,Ford F53,,2015,2026,3,26X; 29F; 31V,26,31,14000,20000,6,2,4.35,,,Ford Triton V10 6.8L ~305–362HP,320,Ford 7.3L V8 Godzilla,350,60,40,40,,5000,Onan / Generac
Jayco,Eagle,Fifth Wheel,N/A (towable),,,,N/A (towable),,2000,2026,4,317RLOK; 330RSTS; 355MBQS; 321RSTS,31,38,8000,12000,8,3,4.4,,,,,,,60,40,40,,0,Onan / Generac
Jayco,Eagle HT,Fifth Wheel,N/A (towable),,,,N/A (towable),,2012,2026,3,26.5BHS; 28.5RSTS; 29.5BHDS,26,32,6500,10000,6,2,4.35,,,,,,,60,40,40,,5000,Onan / Generac
Jayco,Embark,Class A Diesel,Diesel,Cummins B6.7 / L9 360–450HP,360,800,Freightliner XC-Series,Allison automatic,2015,2026,4,37K; 38N; 39T; 39Z,37,40,30000,40000,6,3,4.5,,,Cummins ISL / ISB 300–450HP (era),380,Cummins B6.7 / L9 360–450HP,360,90,50,45,90,10000,Onan 8kW Diesel QD
Jayco,Greyhawk,Class C,Gas,Ford 7.3L V8 Godzilla / 6.2L (by year),350,,Ford E-450,,2008,2026,5,29MV; 30X; 31F; 31FS; 32S,29,32,12000,15000,8,1,4.35,,,Ford V10 / 6.8L or 6.0L (by year),305,Ford 7.3L V8 Godzilla 350HP,350,60,40,40,,5000,Onan / Generac
Jayco,Jay Feather,Travel Trailer,N/A (towable),,,,N/A (towable),,2005,2026,4,7; X213; X23B; 27BHB,16,30,3000,7000,6,1,4.35,,,,,,,60,40,40,,0,Onan / Generac
Jayco,Melbourne,Class C,Diesel,Mercedes-Benz Sprinter turbodiesel,188,,Mercedes-Benz Sprinter,,2012,2026,3,24K; 24L; 24N,24,25,10000,12000,4,0,4.45,,,Mercedes-Benz Sprinter 3.0L V6 turbodiesel,188,Mercedes-Benz 2.0L I4 turbodiesel,208,60,40,40,,5000,Onan / Generac
Jayco,Melbourne Prestige,Class C,Diesel,Mercedes-Benz Sprinter turbodiesel,188,,Mercedes-Benz Sprinter,,2014,2026,2,24LP; 24KP,24,25,10000,12500,6,2,4.5,,,Mercedes-Benz Sprinter 3.0L V6 turbodiesel,188,Mercedes-Benz 2.0L I4 turbodiesel,208,60,40,40,,5000,Onan / Generac
Jayco,North Point,Fifth Wheel,N/A (towable),,,,N/A (towable),,2013,2026,4,377RLBH; 381DLQS; 387RDFS; 310RLTS,31,42,10000,15000,6,3,4.5,,,,,,,60,40,40,,5000,Onan / Generac
Jayco,Octane,Toy Hauler,N/A (towable),,,,N/A (towable),,2014,2026,3,161; 222; 273,16,28,3500,8000,6,1,4.3,,,,,,,60,40,40,,5000,Onan / Generac
Jayco,Pinnacle,Fifth Wheel,N/A (towable),,,,N/A (towable),,2014,2026,3,36FBTS; 38FLGS; 38FBRK,36,42,11000,16000,6,3,4.55,,,,,,,60,40,40,,5000,Onan / Generac
Jayco,Precept,Class A Gas,Gas,Ford 7.3L Godzilla / V10 (by year),350,,Ford F53,,2014,2026,5,31UL; 35S; 36T; 34G; 36A,31,36,16000,22000,8,2,4.4,,,Ford Triton V10 6.8L ~305–362HP,320,Ford 7.3L V8 Godzilla 350HP,350,60,40,40,,5000,Onan / Generac
Jayco,Redhawk,Class C,Gas,Ford 7.3L / 6.2L (by year),350,,Ford E-450,,2010,2026,4,22J; 26XD; 29XK; 31F,22,31,11000,14500,8,1,4.3,,,Ford V10 / 6.8L or 6.0L (by year),305,Ford 7.3L V8 Godzilla,350,60,40,40,,5000,Onan / Generac
Jayco,Seismic,Toy Hauler,N/A (towable),,,,N/A (towable),,2013,2026,3,3512; 4113; 4212,35,42,10000,15000,8,3,4.45,,,,,,,60,40,40,,5000,Onan / Generac
Jayco,Seneca Super C,Super C,Diesel,Ford Power Stroke 6.7L / Cummins Super C (by chassis year),330,950,Freightliner / Ford Super C,,2014,2026,3,37HJ; 37FS; 37TS,37,38,26000,34000,6,2,4.55,,,Cummins / Ford Super C diesel (era),300,Super C diesel (Ford 6.7 Power Stroke or Cummins by chassis),330,60,40,40,,15000,Onan / Generac
Jayco,Talon,Toy Hauler,N/A (towable),,,,N/A (towable),,2012,2026,4,313T; 392T; 403T; 414T,31,42,8000,14000,8,2,4.4,,,,,,,60,40,40,,5000,Onan / Generac
Keystone,Alpine,Fifth Wheel,N/A (towable),,,,N/A (towable),,2008,2026,6,3400RL; 3501RL; 3700FL; 3781FK; 3800FK; 3900RK,34,40,13000,17000,6,4,4.45,,,,,,,64,42,42,,0,
Keystone,Arcadia,Fifth Wheel,N/A (towable),,,,N/A (towable),,2018,2026,4,3400RL; 3660RL; 3770RL; 3800FL,34,40,11000,15000,6,3,4.4,,,,,,,60,40,40,,0,
Keystone,Avalanche,Fifth Wheel,N/A (towable),,,,N/A (towable),,2010,2025,5,300RL; 338GK; 360RB; 372BH; 378BH,30,40,10500,15000,8,3,4.3,,,,,,,60,40,40,,0,
Keystone,Bullet,Travel Trailer,N/A (towable),,,,N/A (towable),,2010,2027,13,1700BH; 1900RD; 221BHS; 243BHS; 250BHS; 253RDS; 260RBS; 260RBSWE; 287QBS; 290BHS; 308BHS; 330BHS; 330BKQ,18,36,3200,7800,8,1,4.25,,,,,,,43,30,30,,0,
Keystone,Cougar,Travel Trailer,N/A (towable),,,,N/A (towable),,1999,2027,14,22RBS; 22RBQ; 24RKS; 25BHS; 25FKD; 26RBS; 26RBSWE; 27SAB; 29BHS; 30BHS; 30RLS; 32BHS; 33MLS; 34TSB,22,35,5500,10000,8,2,4.35,,,,,,,54,60,30,,0,
Keystone,Cougar 5th Wheel,Fifth Wheel,N/A (towable),,,,N/A (towable),,2004,2027,15,260MLE; 290RLS; 303RLS; 307RES; 30RLS; 316RLS; 320RDS; 32BHSWE; 345MBS; 34TSB; 350LLK; 355FBS; 360MBI; 364BHL; 368MBI,30,39,9500,14000,8,3,4.4,,,,,,,54,76,38,,0,
Keystone,Cougar Half-Ton,Fifth Wheel,N/A (towable),,,,N/A (towable · half-ton rated package),,2012,2027,16,22MLS; 22RBK; 23MLE; 24SAB; 24SABWE; 25RES; 26RES; 26RKE; 27SAB; 28RLI; 29BHS; 29MBD; 29RKS; 30REP; 30RLS; 32BHS,27,35,7500,10500,6,2,4.4,,,,,,,54,60,30,,0,
Keystone,Fuzion,Toy Hauler,N/A (towable),,,,N/A (towable),,2012,2027,11,369; 373; 419; 421; 424; 425; 427; 428; 429; 430; 442,38,47,14000,18500,8,3,4.4,,,,,,,100,50,50,,0,Onan 5500W Gas (optional)
Keystone,Laredo,Travel Trailer,N/A (towable),,,,N/A (towable),,2000,2022,5,280BH; 285SRL; 293RK; 320BH; 330RL,28,34,7000,10000,8,2,4.25,,,,,,,52,34,34,,0,
Keystone,Montana,Fifth Wheel,N/A (towable),,,,N/A (towable),,1996,2027,24,3100RL; 3120RL; 3231CK; 3402RL; 3500RD; 3532SP; 3582RL; 3625RE; 3700RL; 3710FL; 3720RL; 3721RL; 3761FL; 3764KB; 3790RD; 3791RD; 3800FL; 3811MS; 3855BR; 3857BR; 3900RK; 3901RK; 3950BR; 3953FB,32,44,12000,18000,6,3,4.5,,,,,,,66,78,46,,0,Optional / prep
Keystone,Montana High Country,Fifth Wheel,N/A (towable),,,,N/A (towable),,2014,2027,11,290RL; 295RL; 311RD; 330RL; 335FL; 351BH; 370FL; 377FL; 381TB; 381TH; 391TB,29,41,9000,14500,8,3,4.5,,,,,,,74,78,46,,0,Optional / prep
Keystone,Passport,Travel Trailer,N/A (towable),,,,N/A (towable),,2000,2027,12,189ML; 199ML; 219BH; 221BH; 239ML; 2400BH; 248BH; 2500RL; 253RD; 2700BH; 2700RL; 2920BH,19,33,3800,7200,7,1,4.25,,,,,,,44,30,30,,0,
Keystone,Raptor,Toy Hauler,N/A (towable),,,,N/A (towable),,2011,2027,8,352; 355; 413; 415; 421; 428; 429; 431,36,46,13000,18000,8,3,4.35,,,,,,,90,45,45,,0,Onan 5500W Gas (prep / optional)
Keystone,Springdale,Travel Trailer,N/A (towable),,,,N/A (towable),,2005,2027,14,1700FQ; 1750RD; 1760BH; 1800BH; 1860SS; 2100RL; 2120RKS; 2300BH; 2340MLS; 241FK; 260BH; 260BHC; 262RKS; 2880BRS,18,34,3000,7500,8,1,4.15,,,,,,,40,30,30,,0,
Keystone,Sprinter,Fifth Wheel,N/A (towable),,,,N/A (towable),,2000,2024,5,269FWRLS; 293FWRLS; 333FWRKS; 3530SIK; 3570FLS,27,36,9000,14000,8,3,4.2,,,,,,,56,36,36,,0,
KZ RV,Connect,Fifth Wheel,N/A (towable),,,,N/A,,2014,2026,3,C261RB; C303BH; C312BH,28,34,7000,10000,6,2,4.2,,,,,,,60,40,40,,0,
KZ RV,Durango,Fifth Wheel,N/A (towable),,,,N/A,,2010,2026,3,G333RLT; G386FLF; G348BH,34,41,10000,14000,8,3,4.3,,,,,,,60,40,40,,0,
KZ RV,Sportsmen Sportster,Toy Hauler,N/A (towable),,,,N/A,,2010,2026,4,301TH; 331TH; 301THR12; 351TH,30,36,7000,10000,8,1,4.3,,,,,,,60,32,32,,0,Generator prep / optional 4kW
KZ RV,Sportster,Toy Hauler,N/A (towable),,,,N/A,,2008,2026,3,301THR12; 331THR13; 351TH13,31,36,7500,10500,8,1,4.3,,,,,,,64,34,34,,0,Onan 4000W Gas (optional)
KZ RV,Sportster Destination,Toy Hauler,N/A (towable),,,,N/A,,2015,2026,3,353TH13; 351TH13; 301TH12,32,38,9000,12000,8,2,4.3,,,,,,,70,40,40,,0,Onan 4000W Gas (optional)
KZ RV,Venom,Toy Hauler,N/A (towable),,,,N/A,,2012,2026,3,3911TK; 4013TK; 4113TK,39,43,14000,18000,8,3,4.3,,,,,,,100,50,50,,0,Onan 5500W Gas (optional)
Lance,Lance 1172,Truck Camper,N/A (truck camper),,,,N/A,,2005,2026,1,1172,11,11,3300,3500,4,1,4.6,,,,,,,38,30,30,,0,
Lance,Lance 2375,Travel Trailer,N/A (towable),,,,N/A,,2008,2026,1,2375,26,26,5200,5600,5,1,4.7,,,,,,,55,40,40,,0,
Lance,Lance 2465,Travel Trailer,N/A (towable),,,,N/A,,2010,2026,1,2465,27,27,5800,6200,6,1,4.7,,,,,,,55,40,40,,0,
Leisure Travel Vans,Free,Class B,Diesel / Gas,Mercedes-Benz diesel / Ford Transit (by year),188,,Mercedes Sprinter / Ford Transit,,2018,2026,2,25TBS; 25RL,24,26,9500,11500,4,0,4.6,,,,,Mercedes-Benz diesel / Ford Transit (by year),188,28,20,18,,3500,Solar packages common
Leisure Travel Vans,Serenity,Class B,Diesel,Mercedes-Benz diesel (Sprinter),188,,Mercedes Sprinter,,2010,2026,2,24CB; S24,24,25,10000,12000,4,0,4.7,,,Mercedes-Benz turbodiesel (Sprinter),188,Mercedes-Benz diesel (Sprinter),188,30,22,22,,5000,Solar packages common
Leisure Travel Vans,Unity,Class B+,Diesel,Mercedes-Benz diesel (Sprinter),188,,Mercedes-Benz Sprinter,,1993,2026,8,24CB; 24FX; 24IB; 24MB; 24RL; 24TB; U24CB; U24FX,24,26,11000,14500,4,1,4.85,Mercedes-Benz turbodiesel (Sprinter / early T1N–NCV3),154,Mercedes-Benz 3.0L V6 turbodiesel ~188HP,188,Mercedes-Benz 3.0L V6 / 2.0L I4 turbodiesel (by year),188,40,30,30,,5000,Optional LP / solar + lithium common
Leisure Travel Vans,Wonder,Class B+,Diesel / Gas (by chassis),Mercedes-Benz diesel / Ford Transit (select),188,,Mercedes Sprinter / Ford Transit,,2015,2026,6,24FTB; 24MB; 24RB; 24RTB; W24FTB; W24RTB,24,25,10500,14000,4,1,4.8,,,Gas or diesel chassis by build (era),300,Mercedes-Benz diesel / Ford Transit (select),188,40,28,28,,5000,Optional LP (often standard later years)
Leisure Travel Vans,Wonder XL,Class B+,Diesel,Mercedes-Benz diesel (Sprinter 170 EXT),188,,Mercedes Sprinter 170 EXT,,2018,2026,5,26FBT; 26MB; 24RB; 26RB; 26RTB,25,27,12000,15500,4,1,4.9,,,,,Mercedes-Benz diesel (Sprinter 170 EXT),188,46,34,34,,5000,Solar + lithium / optional LP
Midwest Automotive Designs,Passage,Class B,Diesel / Gas,Mercedes-Benz turbodiesel / Ford Transit (MD2F),188,,Mercedes Sprinter / Ford Transit,,2016,2026,5,FD2; MD2; MD3; MD4; MD2F,19,25,8500,11500,2,0,4.8,,,,,Mercedes turbodiesel (Sprinter) or Ford EcoBoost (MD2F),188,28,20,0,,5000,Solar + lithium packages
Midwest Automotive Designs,Passage Daycruiser,Class B,Diesel,Mercedes-Benz turbodiesel (Sprinter),188,,Mercedes Sprinter,,2018,2026,2,Daycruiser; DC,19,23,8500,10500,2,0,4.65,,,,,Mercedes-Benz turbodiesel (Sprinter),188,20,15,0,,5000,Solar packages
Midwest Automotive Designs,Weekender,Class B,Diesel,Mercedes-Benz turbodiesel (Sprinter),188,,Mercedes Sprinter,,2000,2026,3,Weekender; 144; 170,19,24,8000,11000,2,0,4.7,Mercedes-Benz turbodiesel (Sprinter / early T1N–NCV3),154,Mercedes-Benz turbodiesel (Sprinter),188,Mercedes-Benz turbodiesel (Sprinter),188,25,18,0,,5000,Solar packages
Monaco Coach,Camelot,Class A Diesel,Diesel,Cummins B6.7 / L9 360–450HP,360,,Freightliner XC-Series,,2005,2026,2,36M; 40M,36,40,30000,40000,6,2,4.45,Cummins ISL / ISB diesel (era),350,Cummins ISL / ISB 300–450HP (era),380,Cummins B6.7 / L9 class,360,80,45,45,,10000,Onan Diesel / Gas
Monaco Coach,Dynasty,Class A Diesel,Diesel,Cummins L9 / ISL / ISX (by year),450,1250,Freightliner / Spartan (by year),Allison automatic,2000,2026,3,36P; 38P; 42P,36,42,34000,46000,6,3,4.55,Cummins ISL / ISB diesel (era),350,Cummins ISL / ISB 300–450HP (era),380,Cummins L9 450HP class,450,80,45,45,,10000,Onan Diesel / Gas
Monaco Coach,Knight,Class A Diesel,Diesel,Cummins ISL / L9 class,380,,Freightliner XC,,2008,2023,2,36P; 40P,36,40,30000,40000,6,2,4.4,,,Cummins ISL / ISB 300–450HP (era),380,Cummins ISL / L9 class,380,80,45,45,,10000,Onan Diesel / Gas
Monaco Coach Classic,Signature,Class A Diesel,Diesel,Cummins ISX 600HP,600,,Roadmaster IS Custom,,1997,2009,3,42SA; 45BM; 44BD,42,45,48000,56000,4,4,4.8,Cummins ISX 600HP class,600,Cummins ISX 600HP class,600,,,110,60,56,,10000,Onan 12500W Diesel QD
Monaco Coach Classic,Windsor,Class A Diesel,Diesel,Cummins ISL 400HP,400,,Roadmaster IS,,1998,2009,2,42PBQ; 44DBT,42,44,46000,52000,6,3,4.7,Cummins ISL 400–450HP class,400,Cummins ISL 400–450HP class,400,,,100,55,52,,10000,Onan 10000W Diesel QD
National RV,Sea Breeze,Class A Gas,Gas,Ford V10 6.8L,320,,Ford F53,,1998,2009,3,8311; 8340; 8378,31,38,22000,28000,6,2,4.2,Ford Triton V10 6.8L,320,Ford Triton V10 6.8L,320,,,75,40,40,,5000,Onan 5500W Gas MicroQuiet
National RV,Tropi-Cal,Class A Diesel,Diesel,Cummins ISL 340HP,340,,Spartan K2,,2001,2009,3,40PB; 43RQ; 40RB,40,43,42000,50000,6,3,4.4,Cummins ISB / ISL mid-diesel (era),340,Cummins ISB / ISL mid-diesel (era),340,,,90,48,46,,10000,Onan 8000W Diesel QD
Newmar,Bay Star,Class A Gas,Gas,Ford 7.3L Godzilla / V10 6.8L (by year),350,,Ford F53,,2005,2026,6,3124; 3401; 3626; 3629; 3014; 3811,30,38,16000,24000,6,2,4.35,Ford Triton V10 6.8L ~305–362HP,320,Ford Triton V10 6.8L ~305–362HP,320,Ford 7.3L V8 Godzilla,350,70,40,40,80,5000,Onan 5500W Gas
Newmar,Bay Star Sport,Class A Gas,Gas,Ford 7.3L / V10 (by year),350,,Ford F53,,2010,2026,4,2702; 2903; 3014; 3307,27,33,14000,20000,6,2,4.3,,,Ford Triton V10 6.8L ~305–362HP,320,Ford 7.3L V8 Godzilla,350,60,35,35,,5000,Onan 4000–5500W Gas
Newmar,Canyon Star,Super C,Diesel,Ford Power Stroke 6.7L / Cummins (by chassis year),330,950,Freightliner / Ford Super Duty Super C platform,Allison / TorqShift,2010,2026,5,3710; 3927; 3947; 3713; 3921,37,40,26000,34000,6,3,4.55,,,Cummins / Ford Super C diesel (era),300,Ford Power Stroke 6.7L or Cummins Super C diesel,330,80,50,40,80,15000,Onan 8kW
Newmar,Dutch Star,Class A Diesel,Diesel,Cummins L9 450HP,450,1250,Freightliner XC-Series (Spartan optional some years),Allison 3000 MH,2000,2026,8,4018; 4081; 4369; 4311; 4052; 3717; 4326; 4543,37,45,36000,48000,6,3,4.65,Cummins ISL / ISB diesel (era),350,Cummins ISL / ISB 300–450HP (era),380,Cummins L9 450HP,450,100,55,50,100,15000,Onan 8–10kW Diesel QD
Newmar,Essex,Class A Diesel,Diesel,Cummins X15 605HP,605,1950,Spartan K3,Allison 4000 MH,2012,2026,5,4551; 4544; 4534; 4519; 4561,45,45,54000,62000,4,5,4.9,,,Cummins ISX 600HP,600,Cummins X15 605HP,605,110,62,58,150,15000,Onan 12.5kW Quiet Diesel
Newmar,King Aire,Class A Diesel,Diesel,Cummins X15 605HP,605,1950,Spartan K3,Allison 4000 MH,2005,2026,6,45AHQ; 45IQH; 4531; 45RBQ; 4553; 42AQHP,42,45,50000,58000,6,4,4.85,Cummins ISL / ISB diesel (era),350,Cummins ISL / ISB 300–450HP (era),380,Cummins X15 605HP,605,105,55,52,150,15000,Onan 10–12.5kW Quiet Diesel
Newmar,Kountry Star,Class A Diesel,Diesel,Cummins B6.7 360HP,360,800,Freightliner XCR,Allison 3000 MH,2000,2026,8,3712; 3910; 4005; 3709PK; 3221; 3412; 4011; 4037,34,41,28000,40000,6,3,4.5,Cummins ISB / Cat turbodiesel (by build),300,Cummins ISB / Cat turbodiesel (by build),300,Cummins B6.7 360HP,360,105,65,45,100,10000,Cummins Onan 8kW Quiet Diesel
Newmar,London Aire,Class A Diesel,Diesel,Cummins ISX 600HP,600,,Spartan K3,,2000,2018,3,4551; 4533; 4561,45,45,52000,60000,4,4,4.85,Cummins ISL / ISB diesel (era),350,Cummins ISL / ISB 300–450HP (era),380,Cummins ISX 600HP,600,105,55,50,,15000,Onan 12.5kW Quiet Diesel
Newmar,Mountain Aire,Class A Diesel,Diesel,Cummins L9 450HP / X12 500HP (by year/option),450,1250,Spartan K3 / Freightliner (by year),Allison 3000 MH,2008,2026,8,4536; 4553; 4304; 4526; 4118; 4546; 4574; 4536PBD,41,45,42000,52000,6,4,4.7,,,Cummins ISL / ISB 300–450HP (era),380,Cummins L9 450HP / X12 500HP option,450,100,55,50,100,15000,Onan 10kW Quiet Diesel
Newmar,New Aire,Class A Diesel,Diesel,Cummins B6.7 / L9 360–450HP,360,800,Freightliner XC-Series,Allison automatic,2014,2026,6,3543; 3545; 3831; 3836; 3843; 3943,35,40,30000,40000,6,3,4.55,,,Cummins B6.7 360HP,360,Cummins B6.7 / L9 360–450HP,360,90,50,50,90,10000,Onan 8kW Diesel QD
Newmar,Ventana,Class A Diesel,Diesel,Cummins B6.7 / L9 360–450HP,360,800,Freightliner XC-Series,Allison automatic,2006,2026,6,3436; 3717; 4037; 4041; 4369; 4310,34,44,30000,42000,6,3,4.5,,,Cummins ISL / ISB 300–450HP (era),380,Cummins B6.7 / L9 360–450HP,360,90,50,45,90,10000,Onan 8kW Diesel QD
Newmar Classic,London Aire,Class A Diesel,Diesel,Cummins ISX 600HP,600,,Spartan K3,,1991,2008,3,4001; 4504; 4550,40,45,46000,54000,6,3,4.8,Cummins ISX 600HP class,600,Cummins ISX 600HP class,600,,,100,55,50,,10000,Onan 10000W Diesel QD
Newmar Classic,Scottsdale,Class A Gas,Gas,Ford V10 6.8L,320,,Ford F53,,1997,2005,3,3601; 3801; 3901,35,39,22000,28000,7,2,4.2,Ford Triton V10 6.8L,310,,,,,75,40,40,,5000,Onan 5500W Gas MicroQuiet
Nexus RV,Ghost,Class C,Gas,Ford 7.3L V8 Godzilla,350,,Ford E-450,,2014,2026,5,29DS; 30DS; 32DS; 33DS; 34DS,29,35,14000,17000,6,2,4.4,,,Ford Triton V10 6.8L (E-450 / F-53 cutaway era),305,Ford 7.3L V8 Godzilla,350,50,34,34,,5000,Onan 4000W Gas MicroQuiet
Nexus RV,Phantom,Class C,Gas,Ford 7.3L / 6.2L (by year),300,,Ford E-450,,2010,2026,5,25P; 27P; 28P; 29P; 31P,25,31,12000,16000,7,1,4.3,,,Ford 6.2L V8,300,Ford 7.3L V8 Godzilla 350HP,350,50,30,30,,5000,Onan 4000W Gas MicroQuiet
Nexus RV,Rebel Super C,Super C,Diesel,Ford Power Stroke 6.7L Diesel,330,,Ford F-550,,2016,2026,5,32T; 33T; 35T; 37T; 38T,32,39,22000,30000,6,2,4.5,,,,,Ford Power Stroke 6.7L Diesel,330,70,45,45,,15000,Onan 5500–8000W Diesel
Nexus RV,Triumph,Super C,Diesel,Ford Power Stroke 6.7L Diesel,330,,Ford F-550,,2014,2026,6,29T; 31T; 33T; 35T; 38T; 40T,29,40,22000,32000,8,2,4.5,,,Cummins / Ford Super C diesel (era),300,Ford Power Stroke 6.7L Diesel,330,75,40,40,,15000,Onan 5500W Diesel QD
Nexus RV,Viper,Class C,Gas,Ford 7.3L / 6.2L (by year),300,,Ford E-450,,2010,2026,5,27V; 29V; 31M; 32DS; 34V,27,34,14000,18000,6,2,4.4,,,Ford 6.2L V8 / 6.8L V10 (by year),300,Ford 7.3L V8 Godzilla 350HP,350,55,34,34,,5000,Onan 4000W Gas MicroQuiet
Northwood Manufacturing,Arctic Fox,Travel Trailer,N/A (towable),,,,N/A,,2005,2026,6,22G; 25Y; 27-5L; 29-5L; 32-5L; 22FB,22,33,6500,10000,7,2,4.8,,,,,,,65,42,42,,0,
Northwood Manufacturing,Nash,Travel Trailer,N/A (towable),,,,N/A,,2005,2026,5,17K; 22H; 23D; 25G; 24B,17,26,3800,6500,7,1,4.5,,,,,,,44,28,28,,0,
Northwood Manufacturing,Wolf Creek,Truck Camper,N/A (truck camper),,,,N/A,,2005,2026,3,850; 890; 1050,8,11,2200,3200,4,0,4.7,,,,,,,32,22,22,,0,
Oliver Travel Trailers,Legacy Elite,Travel Trailer,N/A (towable),,,,N/A,,2008,2026,2,Standard; Bunk,23,23,5700,6200,4,0,4.9,,,,,,,44,30,30,,0,
Oliver Travel Trailers,Legacy Elite II,Travel Trailer,N/A (towable),,,,N/A,,2012,2026,2,Standard; Twin Bed,24,24,6700,7200,4,0,4.9,,,,,,,52,36,36,,0,
Outdoors RV,Back Country,Travel Trailer,N/A (towable),,,,N/A,,2010,2026,4,20CBD; 21BD; 23CBS; 25DBS,20,26,4800,7000,6,0,4.6,,,,,,,46,30,30,,0,
Outdoors RV,Timber Ridge,Travel Trailer,N/A (towable),,,,N/A,,2010,2026,5,24RKS; 26RLS; 28BHS; 28DBS; 21FBS,21,29,6000,8500,7,1,4.7,,,,,,,55,38,38,,0,Onan 5500W Gas (prep / optional)
Outdoors RV,Wind River,Travel Trailer,N/A (towable),,,,N/A,,2010,2026,4,230RBS; 260RKSLE; 280RKSLE; 250RDSLE,23,29,5800,8000,6,1,4.6,,,,,,,50,34,34,,0,
Palomino,Columbus,Fifth Wheel,N/A (towable),,,,N/A (towable),,2012,2026,7,329DV; 340RK; 370FL; 380RL; 383FB; 383RLH; 388FKH,33,42,11000,16000,6,4,4.35,,,,,,,60,70,40,,0,
Palomino,Columbus Compass,Fifth Wheel,N/A (towable),,,,N/A (towable),,2012,2026,4,320RL; 329DV; 340RK; 383FB,32,40,10000,15000,6,3,4.3,,,,,,,54,60,36,,0,
Palomino,Puma,Travel Trailer,N/A (towable),,,,N/A (towable),,2005,2026,9,16BHQ; 25RKSS; 26FKDS; 28BHSS; 30RKQS; 32BHQS; 32FBIS; 337BH; 38RLB,18,40,3200,9000,10,1,4.15,,,,,,,43,30,30,,0,
Palomino,Puma Unleashed,Toy Hauler,N/A (towable),,,,N/A (towable),,2014,2026,3,383THS; 383TOC; 356THS,34,40,9000,14000,8,2,4.2,,,,,,,60,40,40,,0,Generator prep
Palomino,Real-Lite,Travel Trailer,N/A (towable),,,,N/A (towable),,2006,2026,6,160SS; 180; 1810BH; 208; Mini Lite 180; SS-1607,16,24,2500,4500,6,0,4.15,,,,,,,26,22,22,,0,
Palomino,Real-Lite FW,Fifth Wheel,N/A (towable),,,,N/A (towable),,2012,2026,4,1850; 2120; 2450; 2600,20,28,5500,9000,6,1,4.2,,,,,,,40,30,30,,0,
Palomino,Sabre,Fifth Wheel,N/A (towable),,,,N/A (towable),,2011,2026,3,36DBQ; 37FLL; 38MBH,36,40,11000,15000,8,3,4.25,,,,,,,54,60,40,,0,
Palomino,SolAire,Travel Trailer,N/A (towable),,,,N/A (towable),,2014,2026,6,202RB; 243BHS; 258RBSS; 294DBHS; 304RKDS; 317BHSK,22,35,4500,7800,8,1,4.2,,,,,,,40,30,30,,0,
Pleasure-Way,Ascent,Class B,Diesel,Mercedes-Benz diesel (Sprinter),188,,Mercedes Sprinter,,2018,2026,3,FL; TS; TW,19,23,8500,11000,4,0,4.8,,,,,Mercedes-Benz diesel (Sprinter),188,26,20,18,,5000,Solar packages
Pleasure-Way,Lexor,Class B,Gas,Ram 3.6L V6 gas,280,,Ram ProMaster,,2014,2026,3,TS; FL; RB,20,22,8000,10500,4,0,4.7,,,Ram / Dodge 3.6L V6 gas (or earlier 3.6/3.0 by year),280,Ram 3.6L V6 gas,280,24,18,15,,3500,Solar packages
Pleasure-Way,Ontour,Class B,Gas / Diesel,Ford Transit EcoBoost / diesel (by year),310,,Ford Transit,,2016,2026,4,2.0; 2.2; 2.2 AWD; 2.2 RB,19,22,7500,10000,2,0,4.65,,,,,Ford Transit EcoBoost / diesel (by year),310,20,14,0,,2000,Solar packages
Pleasure-Way,Ontour 2.0,Class B,Gas,Ford Transit 3.5L EcoBoost,310,,Ford Transit,,2016,2026,1,2.0,19,20,7800,9000,2,0,4.6,,,,,Ford Transit 3.5L EcoBoost,310,20,14,0,,2000,Solar
Pleasure-Way,Plateau,Class B,Diesel,Mercedes-Benz diesel (Sprinter),188,,Mercedes-Benz Sprinter,,2005,2026,8,FL; RB; TS; TS Bench; TS Twin; TW; XLFL; XLRB,22,25,9500,12000,4,0,4.85,Mercedes-Benz turbodiesel (Sprinter / early T1N–NCV3),154,Mercedes-Benz 3.0L V6 turbodiesel ~188HP,188,Mercedes-Benz turbodiesel (I4/V6 by year),188,30,22,22,,5000,Solar packages standard on many years
Pleasure-Way,Plateau TS,Class B,Diesel,Mercedes-Benz diesel (Sprinter),188,,Mercedes Sprinter,,2005,2026,3,TS; TS Bench; TS Twin,22,24,10000,11500,4,0,4.85,Mercedes-Benz turbodiesel (Sprinter / early T1N–NCV3),154,Mercedes-Benz turbodiesel (Sprinter),188,Mercedes-Benz diesel (Sprinter),188,30,22,22,,5000,Solar packages
Regency,Ultra Brougham,Class B,Diesel,Mercedes-Benz 3.0L V6,188,,Mercedes Sprinter 170 EXT,,2015,2026,4,25QB; 25HB; 28QB; 28RK,25,29,12500,15500,4,1,4.9,,,Mercedes-Benz turbodiesel (Sprinter),188,Mercedes-Benz 3.0L V6,188,40,30,30,,5000,None (lithium 400Ah + 600W solar)
Renegade RV,Classic Super C,Super C,Diesel,Cummins Super C diesel,360,,Freightliner Super C,,2010,2026,3,38FSB; 40FSB; 40FSBXL,38,40,30000,38000,6,2,4.65,,,Cummins / Ford Super C diesel (era),300,Cummins Super C diesel,360,60,40,40,,5000,Onan / Generac
Renegade RV,Ikon,Super C,Diesel,Ford Power Stroke 6.7L / Super C diesel,330,950,Ford F-550 or Freightliner Super C (by year),,2018,2026,2,28DSB; 32DSB,28,32,22000,30000,6,2,4.5,,,,,Super C diesel (Ford 6.7 or Cummins by chassis),330,60,40,40,,5000,Onan / Generac
Renegade RV,Valencia,Super C,Diesel,Cummins ISB / B6.7 Super C diesel,340,700,Freightliner Super C / M2-class,Allison automatic,2014,2026,3,35MB; 38RW; 38RB,35,38,26000,34000,6,2,4.55,,,Cummins / Ford Super C diesel (era),300,Cummins ISB / B6.7 Super C diesel,340,60,40,40,,15000,Onan / Generac
Renegade RV,Verona,Super C,Diesel,Cummins Super C diesel 340–360HP,360,800,Freightliner Super C,,2012,2026,3,36VSB; 40VRB; 40VSB,36,40,28000,36000,6,2,4.6,,,Cummins / Ford Super C diesel (era),300,Cummins Super C diesel 340–360HP,360,60,40,40,,5000,Onan / Generac
Renegade RV,Verona LE,Super C,Diesel,Cummins Super C diesel,340,,Freightliner Super C,,2018,2026,2,36VSB; 40VRB,36,40,27000,35000,6,2,4.55,,,,,Cummins Super C diesel,340,60,40,40,,5000,Onan / Generac
Renegade RV,Vienna,Super C,Diesel,Cummins / Ford Super C diesel,330,,Super C platform,,2020,2026,2,25VRB; 28VRB,25,28,20000,28000,6,2,4.5,,,,,Super C diesel,330,60,40,40,,5000,Onan / Generac
Renegade RV,Villager,Class C,Gas,Ford 7.3L V8,350,,Ford E-450,,2012,2026,2,25QBG; 25QBS,25,28,11000,14500,6,2,4.3,,,Ford 6.8L V10 / 6.2L V8 (by year),305,Ford 7.3L V8 Godzilla,350,60,40,40,,5000,Onan / Generac
Renegade RV,Villagio,Class A Diesel,Diesel,Mercedes-Benz Sprinter turbodiesel,188,,Mercedes Sprinter cowl,,2014,2024,2,24FW; 24RB,24,26,11000,14000,6,2,4.45,,,Cummins ISL / ISB 300–450HP (era),380,Mercedes-Benz 2.0L I4 turbodiesel,208,60,40,40,,5000,Onan / Generac
Roadtrek,Chase,Class B,Gas / Diesel,Ram 3.6L V6 / Mercedes diesel (by year),188,,Ram ProMaster / Mercedes Sprinter,,2016,2026,2,Chase; Chase Plus,19,22,7000,9500,4,0,4.35,,,,,Ram 3.6L V6 / Mercedes diesel (by year),188,18,14,10,,2000,Solar packages
Roadtrek,CS Adventurous,Class B,Diesel,Mercedes-Benz diesel (Sprinter),188,,Mercedes Sprinter,,2008,2026,2,CS; Adventurous,22,24,9500,11500,4,0,4.4,,,Mercedes-Benz turbodiesel (Sprinter),188,Mercedes-Benz diesel (Sprinter),188,26,18,18,,4000,Solar + lithium common
Roadtrek,Play,Class B,Gas,Ram 3.6L V6 gas,280,,Ram ProMaster,,2018,2026,2,Play; Play+,19,21,7500,9500,4,0,4.4,,,,,Ram 3.6L V6 gas,280,20,15,12,,2000,Solar + lithium packages
Roadtrek,Popular,Class B,Gas / Diesel,Ram / Mercedes / Chevy (by era),188,,ProMaster / Sprinter / Chevy (by era),,2005,2026,4,190; 210; Popular 190; Popular 210,19,22,7000,10000,4,0,4.3,Gas or diesel chassis by build (2000–2005),300,Gas or diesel chassis by build (era),300,Ram / Mercedes / Chevy (by era),188,18,14,12,,2000,Solar packages
Roadtrek,SS Agile,Class B,Gas,Ram 3.6L V6 gas,280,,Ram ProMaster,,2020,2026,2,SS Agile; Agile,19,21,7500,9500,4,0,4.45,,,,,Ram 3.6L V6 gas,280,20,15,12,,2000,Solar + lithium packages
Roadtrek,Zion,Class B,Gas,Ram 3.6L V6 gas,280,,Ram ProMaster 3500,,2015,2026,4,Zion; Slumber; Sleeper; SL,19,21,7000,9000,4,0,4.35,,,Ram / Dodge 3.6L V6 gas (or earlier 3.6/3.0 by year),280,Ram 3.6L V6 gas,280,18,14,0,,2000,Solar packages common
Roadtrek,Zion Slumber,Class B,Gas,Ram 3.6L V6 gas,280,,Ram ProMaster,,2015,2026,1,Slumber,19,20,7200,8500,2,0,4.3,,,Ram / Dodge 3.6L V6 gas (or earlier 3.6/3.0 by year),280,Ram 3.6L V6 gas,280,16,12,0,,2000,Solar
Storyteller Overland,Beast MODE,Class B,Diesel,Mercedes-Benz turbodiesel AWD/4x4,188,,Mercedes-Benz Sprinter AWD,,2019,2026,3,Beast MODE; Beast; 4x4,19,23,9000,11500,4,0,4.75,,,,,Mercedes-Benz turbodiesel AWD/4x4,188,30,22,0,,5000,High-capacity solar + lithium
Storyteller Overland,Classic MODE,Class B,Diesel,Mercedes-Benz turbodiesel (Sprinter),188,,Mercedes-Benz Sprinter,,2021,2026,2,Classic; Classic MODE,19,22,8500,10500,2,0,4.65,,,,,Mercedes-Benz turbodiesel (Sprinter),188,28,20,0,,5000,Solar + lithium
Storyteller Overland,MODE,Class B,Diesel,Mercedes-Benz turbodiesel (Sprinter),188,,Mercedes-Benz Sprinter,,2018,2026,4,MODE; Standard; 144; 170,19,24,8500,11000,4,0,4.7,,,,,Mercedes-Benz turbodiesel (I4/V6 by year),188,30,22,0,,5000,Solar + lithium standard packages
Thor,ACE,Class A Gas,Gas,Ford 7.3L Godzilla / V10 (by year),350,,Ford F53,,2010,2026,8,27.1; 29.2; 30.1; 32.1; 29.3; 30.2; 32.3; 33.1,27,33,14000,20000,8,2,4.35,,,Ford Triton V10 6.8L ~305–362HP,320,Ford 7.3L V8 Godzilla 350HP,350,50,40,30,80,5000,Onan 4000–5500W Gas
Thor,Aria,Class A Diesel,Diesel,Cummins B6.7 / L9 340–450HP,340,,Freightliner XC-Series,,2014,2026,4,3401; 3601; 3901; 4000,34,40,28000,36000,6,3,4.4,,,Cummins ISL / ISB 300–450HP (era),380,Cummins B6.7 / L9 class,340,60,40,40,,5000,Onan / Generac
Thor,Challenger,Class A Gas,Gas,Ford 7.3L / V10 (by year),350,,Ford F53,,2005,2026,3,35KT; 37FH; 37TB,35,37,18000,24000,8,2,4.35,Ford Triton V10 6.8L ~305–362HP,320,Ford Triton V10 6.8L ~305–362HP,320,Ford 7.3L V8 Godzilla,350,60,40,40,,5000,Onan / Generac
Thor,Chateau,Class C,Gas,Ford 7.3L V8 Godzilla / 6.2L (by year),350,,Ford E-350 / E-450,,2005,2026,15,19Z; 21Z; 22E; 23U; 24F; 25M; 25V; 25Z; 27A; 28A; 28Z; 30D; 31E; 31W; 32A,20,33,10000,15500,8,1,4.3,Ford V10 / 6.8L or 6.0L (by year),305,Ford V10 / 6.8L or 6.0L (by year),305,Ford 7.3L V8 Godzilla 350HP,350,40,30,30,,5000,Onan 4000W Gas MicroQuiet
Thor,Four Winds,Class C,Gas,Ford 7.3L V8 Godzilla / 6.2L (by year),350,,Ford E-350 / E-450,,2000,2026,15,19Z; 21Z; 22E; 23U; 24F; 25M; 25V; 25Z; 27A; 28A; 28Z; 30D; 31E; 31W; 32A,20,33,10000,15500,8,1,4.25,Ford V10 / 6.8L or 6.0L (by year),305,Ford V10 / 6.8L or 6.0L (by year),305,Ford 7.3L V8 Godzilla 350HP,350,40,30,30,,5000,Onan 4000W Gas MicroQuiet
Thor,Four Winds Siesta,Class C,Diesel,Mercedes-Benz Sprinter turbodiesel,188,,Mercedes-Benz Sprinter,,2016,2026,3,24SR; 25G; 25M,24,26,10000,12000,4,0,4.4,,,,,Mercedes-Benz 2.0L I4 turbodiesel,208,60,40,40,,5000,Onan / Generac
Thor,Gemini,Class B+,Gas,Ford Transit / cutaway gas (by year),310,,Ford Transit / E-series,,2014,2026,3,22TF; 23TR; 24KB,22,25,9000,12000,4,0,4.3,,,Ford Transit / cutaway gas (by year),180,Ford Transit / cutaway V6/V8 gas,310,60,40,40,,5000,Onan / Generac
Thor,Geneva,Class C,Gas,Ford 7.3L / 6.2L (by year),350,,Ford E-450,,2018,2026,3,25VT; 28VT; 30VT,25,30,11000,14500,6,1,4.3,,,,,Ford 7.3L V8,350,60,40,40,,5000,Onan / Generac
Thor,Magnitude,Super C,Diesel,Ford Power Stroke 6.7L Diesel,330,950,Ford F-550 Super Duty,TorqShift,2014,2026,3,SV34; SV38; SV40,34,40,22000,30000,8,2,4.5,,,Cummins / Ford Super C diesel (era),300,Ford Power Stroke 6.7L Diesel,330,70,45,45,68,20000,Onan 6000–8000W
Thor,Magnitude XG,Super C,Diesel,Ford Power Stroke 6.7L Diesel,330,950,Ford F-550 Super Duty,,2020,2026,3,XG32; XG36; XG40,32,40,22000,30000,8,2,4.55,,,,,Ford Power Stroke 6.7L Diesel,330,60,40,40,,5000,Onan / Generac
Thor,Outlaw,Class C,Gas,Ford 7.3L V8,350,,Ford E-450 / Super C variants by year,,2012,2026,3,29H; 38MB; 38KB,29,38,12000,18000,8,2,4.35,,,Ford 6.8L V10 / 6.2L V8 (by year),305,Ford 7.3L V8 Godzilla,350,60,40,40,,5000,Onan / Generac
Thor,Palazzo,Class A Diesel,Diesel,Cummins B6.7 / L9 340–450HP,340,700,Freightliner XC-Series,Allison automatic,2012,2026,7,33.2; 33.3; 33.5; 33.6; 36.1; 36.3; 37.4,33,38,28000,36000,6,3,4.4,,,Cummins ISL / ISB 300–450HP (era),380,Cummins B6.7 / L9 340–450HP,340,80,45,45,90,10000,Onan 8kW Diesel QD
Thor,Quantum,Class C,Gas / Diesel (by plan),Ford 7.3L V8 Godzilla / Mercedes Sprinter (by floorplan),350,,Ford E-450 / Mercedes Sprinter (by plan),,2014,2026,6,KW29; WS31; LF31; KM24; PD31; RC25,24,32,11000,15500,8,1,4.3,,,Ford Triton V10 6.8L / Mercedes Sprinter diesel (by plan),320,Ford 7.3L V8 Godzilla / Mercedes Sprinter (by floorplan),350,40,30,30,,5000,Onan / Generac
Thor,Rize,Toy Hauler,N/A (towable),,,,N/A (towable),,2018,2026,3,18M; 24F; 28B,18,28,4000,8000,6,1,4.3,,,,,,,60,40,40,,0,Onan / Generac
Thor,Rize Plus,Toy Hauler,N/A (towable),,,,N/A (towable),,2020,2026,3,26B; 29F; 31B,26,32,6000,10000,8,2,4.35,,,,,,,60,40,40,,5000,Onan / Generac
Thor,Sanctuary,Class B,Diesel,Mercedes-Benz Sprinter turbodiesel,188,,Mercedes-Benz Sprinter,,2015,2026,3,19P; 24G; 33C,19,25,9000,11000,2,0,4.4,,,Mercedes-Benz Sprinter turbodiesel,180,Mercedes-Benz 2.0L I4 turbodiesel,208,60,40,40,,5000,Onan / Generac
Thor,Seneca,Super C,Diesel,Ford Power Stroke 6.7L / Cummins Super C (by year),330,,Freightliner / Ford Super C,,2012,2026,3,37SS; 37HJ; 38DB,37,38,24000,32000,6,2,4.5,,,Cummins / Ford Super C diesel (era),300,Super C diesel (Ford 6.7 / Cummins by chassis),330,60,40,40,,5000,Onan / Generac
Thor,Sequence,Class B,Diesel,Mercedes-Benz 2.0L I4 turbo diesel,208,,Mercedes-Benz Sprinter 2500,,2021,2026,4,20A; 20K; 20L; 20U,20,23,8500,11000,2,0,4.45,,,,,Mercedes-Benz 2.0L I4 turbo diesel,208,25,20,15,,5000,None (lithium / dual alternator packages common)
Thor,Tuscany,Class A Diesel,Diesel,Cummins L9 / ISX (by year),450,1250,Freightliner XC / Spartan (by year),Allison 3000 MH,2005,2026,4,40IX; 42RQ; 45AT; 45NX,40,45,36000,48000,6,3,4.5,Cummins ISL / ISB diesel (era),350,Cummins ISL / ISB 300–450HP (era),380,Cummins L9 450HP class,450,90,50,50,100,15000,Onan 8–10kW Diesel QD
Thor,Windsport,Class A Gas,Gas,Ford 7.3L / V10 (by year),350,,Ford F53,,2008,2026,5,27R; 29M; 31S; 34J; 35M,27,35,15000,22000,8,2,4.35,,,Ford Triton V10 6.8L ~305–362HP,320,Ford 7.3L V8 Godzilla,350,60,40,40,,5000,Onan / Generac
Tiffin,Allegro,Class A Gas,Gas,Ford 7.3L / V10 (by year),350,,Ford F53,,2000,2022,3,32SA; 34PA; 36LA,32,36,16000,22000,6,2,4.35,Ford Triton V10 6.8L ~305–362HP,320,Ford Triton V10 6.8L ~305–362HP,320,Ford 7.3L V8,350,90,50,50,,10000,Onan Diesel QD
Tiffin,Allegro Breeze,Class A Diesel,Diesel,Cummins ISB / B6.7 340HP,340,700,Freightliner XC,,2008,2020,3,28BR; 31BR; 32BR,28,33,24000,30000,4,2,4.45,,,Cummins ISL / ISB 300–450HP (era),380,Cummins ISB / B6.7 340HP,340,70,40,40,,10000,Onan 6–8kW Diesel
Tiffin,Allegro Bus,Class A Diesel,Diesel,Cummins L9 450HP (X12/X15 options by year),450,1250,Tiffin PowerGlide,Allison 3000 MH,2000,2026,8,37AP; 40AP; 45LP; 45OPP; 45CP; 37TS; 40IP; 45BQ,37,45,40000,52000,6,4,4.7,Cummins ISL / ISB diesel (era),350,Cummins ISL / ISB 300–450HP (era),380,Cummins L9 450HP (X12 optional),450,100,55,50,100,15000,Onan 10kW Quiet Diesel
Tiffin,Allegro Bus 45OPP,Class A Diesel,Diesel,Cummins L9 450HP (X12 optional),450,1250,Tiffin PowerGlide,Allison 3000 MH,2012,2026,1,45OPP,45,45,48000,56000,6,4,4.7,,,Cummins ISL / ISB 300–450HP (era),380,Cummins L9 450HP,450,100,55,50,100,15000,Onan 10kW Quiet Diesel
Tiffin,Allegro Red,Class A Diesel,Diesel,Cummins ISB 6.7L 360HP,360,700,Freightliner XC raised-rail,Allison 3000 MH,2005,2017,3,33AA; 37BA; 38QBA,33,38,26000,34000,6,3,4.4,Cummins ISB 6.7L 340HP,340,Cummins ISB 6.7L 340HP,340,Cummins ISB / B6.7 360HP,360,90,50,50,100,10000,Onan 8.0 kW Quiet Diesel
Tiffin,Allegro Red 340,Class A Diesel,Diesel,Cummins B6.7 360HP,360,800,Freightliner XC-Series,Allison 3000 MH,2014,2026,8,33AA; 37BA; 33AL; 37PA; 38KA; 36QSA; 38QBA; 38QRA,33,38,28000,36000,6,3,4.5,,,Cummins ISB / B6.7 360HP,360,Cummins B6.7 360HP,360,80,45,45,90,10000,Onan 8kW Diesel QD
Tiffin,Allegro Red 360,Class A Diesel,Diesel,Cummins L9 380–450HP,380,1150,Freightliner XC / PowerGlide (by year),Allison automatic,2018,2026,4,33AA; 36UA; 37BA; 38KA,33,38,30000,38000,6,3,4.55,,,,,Cummins L9 380–450HP,380,85,50,45,90,10000,Onan 8kW Diesel QD
Tiffin,Cahaba,Class C,Diesel,Mercedes-Benz 2.0L turbodiesel,208,,Mercedes-Benz Sprinter,,2023,2026,2,19 SC; 21 SC,19,22,9000,11000,2,0,4.5,,,,,Mercedes-Benz 2.0L I4 turbodiesel,208,90,50,50,,10000,Onan Diesel QD
Tiffin,Open Road,Class A Gas,Gas,Ford 7.3L Godzilla / V10 (by year),350,,Ford F53,,2010,2026,4,32SA; 34PA; 36LA; 34PR,32,36,16000,22000,6,2,4.35,,,Ford Triton V10 6.8L ~305–362HP,320,Ford 7.3L V8 Godzilla,350,70,40,40,80,5000,Onan 5500W Gas
Tiffin,Phaeton,Class A Diesel,Diesel,Cummins L9 450HP,450,1250,Tiffin PowerGlide,Allison 3000 MH,2000,2026,6,36GH; 40AH; 40IH; 44OH; 37BH; 45OH,36,45,36000,48000,6,3,4.6,Cummins ISL / ISB diesel (era),350,Cummins ISL / ISB 300–450HP (era),380,Cummins L9 450HP,450,90,50,50,100,15000,Onan 8–10kW Diesel QD
Tiffin,Wayfarer,Class C,Diesel,Mercedes-Benz turbodiesel (Sprinter),188,,Mercedes-Benz Sprinter,,2016,2026,5,24BW; 25RW; 25JW; 25TW; 25PW,24,26,10000,12000,4,0,4.55,,,,,Mercedes-Benz 2.0L I4 turbodiesel,208,35,28,25,,5000,Optional Onan / LP
Tiffin,Wayfarer 25,Class C,Diesel,Mercedes-Benz turbodiesel,188,,Mercedes-Benz Sprinter,,2018,2026,4,25JW; 25RW; 25TW; 25PW,25,26,10000,12000,4,0,4.55,,,,,Mercedes-Benz Sprinter turbodiesel,188,90,50,50,,10000,Onan Diesel QD
Tiffin,Zephyr,Class A Diesel,Diesel,Cummins X12 / X15 500–605HP,500,1700,Tiffin PowerGlide,Allison 4000 MH,2000,2026,5,45NZ; 45FZ; 45PZ; 45QZ; 45AZ,45,45,50000,58000,6,4,4.85,Cummins ISL / ISB diesel (era),350,Cummins ISL / ISB 300–450HP (era),380,Cummins X12 / X15 500–605HP,500,100,60,50,150,15000,Onan 10–12.5kW Diesel QD
Winnebago,Access Super C,Super C,Diesel,Ford Power Stroke 6.7L Diesel,330,950,Ford F-550 Super Duty,TorqShift automatic,2021,2026,4,26RP; 28MT; 29MT; 31SR,26,33,20000,28000,6,2,4.5,,,,,Ford Power Stroke 6.7L Diesel,330,60,40,40,68,15000,Onan 6000W
Winnebago,Adventurer,Class A Gas,Gas,Ford Triton V10 6.8L / 7.3L (by year),320,,Ford F53,,2000,2021,5,29V; 30T; 32H; 35F; 36Z,29,36,18000,24000,7,2,4.4,Ford Triton V10 6.8L,320,Ford Triton V10 6.8L,320,Ford 7.3L V8,350,75,38,38,,5000,Onan 5500W Gas MicroQuiet
Winnebago,Boldt,Class B,Diesel,Mercedes-Benz 2.0L I4 turbodiesel,208,,Mercedes-Benz Sprinter,,2020,2026,2,70KL; 70BL,22,23,9000,10500,2,0,4.55,,,,,Mercedes-Benz 2.0L I4 turbodiesel,208,21,21,13,,5000,Lithium-focused packages
Winnebago,EKKO,Class C,Gas / Diesel,Ford / Mercedes (by floorplan),208,,Ford Transit AWD or Mercedes Sprinter AWD,,2021,2026,2,22A; 23B,22,24,9000,11500,4,0,4.6,,,,,22A: Ford 3.5L EcoBoost · 23B: Mercedes turbodiesel,310,50,40,5,,5000,Lithium + solar focused
Winnebago,Era,Class B,Diesel,Mercedes-Benz turbodiesel,188,,Mercedes-Benz Sprinter,,2010,2022,2,70A; 70B,24,25,9000,11000,2,0,4.45,,,Mercedes-Benz turbodiesel,180,Mercedes-Benz turbodiesel,188,27,24,13,,5000,Optional
Winnebago,Forza,Class A Diesel,Diesel,Cummins B6.7 340HP,340,700,Freightliner XC-Series,Allison 2500/3000 MH,2016,2026,5,34T; 36G; 38W; 36H; 38R,34,39,28000,34000,6,3,4.55,,,,,Cummins B6.7 (ISB) 340HP,340,85,51,51,90,10000,Onan 8kW Diesel QD
Winnebago,Grand Tour,Class A Diesel,Diesel,Cummins ISX / L9 (by year),450,,Spartan / Freightliner (by year),,2005,2019,3,42QDP; 45RL; 45QB,42,45,44000,50000,6,4,4.75,Cummins ISL / ISB diesel (era),350,Cummins ISL / ISB 300–450HP (era),380,Cummins ISX / L9 (by year),450,100,50,50,,10000,Onan 10000W Diesel QD
Winnebago,Horizon,Class A Diesel,Diesel,Cummins L9 450HP,450,1250,Freightliner / Maxum (by year),Allison 3000 MH,2018,2026,3,40A; 42Q; 42G,40,43,38000,46000,6,4,4.7,,,,,Cummins L9 450HP,450,100,62,40,100,15000,Onan 10kW Diesel QD
Winnebago,Intent,Class A Gas,Gas,Ford 7.3L V8 Godzilla,350,,Ford F53,,2019,2026,4,26M; 29L; 30R; 31P,26,32,14000,18000,6,2,4.35,,,,,Ford 7.3L V8 Godzilla,350,50,41,41,,5000,Onan 4000–5500W Gas
Winnebago,Itasca Sunstar,Class A Gas,Gas,Ford Triton V10 6.8L,320,,Ford F53,,2005,2019,4,27N; 29VE; 30T; 35F,27,35,18000,24000,6,2,4.3,Ford Triton V10 6.8L ~305–362HP,320,Ford Triton V10 6.8L ~305–362HP,320,Ford Triton V10 6.8L,320,72,38,36,,5000,Onan 5500W Gas MicroQuiet
Winnebago,Journey,Class A Diesel,Diesel,Cummins B6.7 340HP,340,700,Freightliner XCS / XC,Allison automatic,2002,2022,6,34G; 36M; 40R; 42E; 34H; 39Z,34,40,30000,38000,6,3,4.45,Cummins ISL / ISB diesel (era),350,Cummins ISL / ISB 300–450HP (era),380,Cummins B6.7 / ISB 340HP,340,90,46,46,90,10000,Onan 8000W Diesel QD
Winnebago,Micro Minnie,Travel Trailer,N/A (towable),,,,N/A (towable),,2014,2026,6,1700BH; 2100BH; 2108DS; 1800BH; 2306BHS; 2500RL,17,26,3000,6500,6,0,4.5,,,,,,,44,30,30,,0,
Winnebago,Minnie,Travel Trailer,N/A (towable),,,,N/A (towable),,2010,2026,4,2201MB; 2500FL; 2801BHS; 2809DL,22,32,4500,7500,8,1,4.4,,,,,,,50,35,35,,0,
Winnebago,Minnie Winnie,Class C,Gas,Ford 7.3L V8 Godzilla,350,,Ford E-450,,2000,2026,8,22M; 25B; 26T; 31H; 31K; 31G; 27Q; 30D,22,32,11000,14500,7,1,4.35,Ford V10 / V8 (by year),305,Ford V10 / V8 (by year),305,Ford 7.3L V8 Godzilla 350HP,350,44,30,30,,5000,Onan 4000W Gas MicroQuiet
Winnebago,Navion,Class C,Diesel,Mercedes-Benz 2.0L I4 turbodiesel,208,,Mercedes-Benz Sprinter,,2006,2026,6,24G; 24J; 24V; 24H; 24D; 24P,24,26,10000,12500,4,0,4.55,,,Mercedes-Benz Sprinter 3.0L V6 turbodiesel,188,Mercedes-Benz 2.0L I4 turbodiesel,208,31,26,26,,5000,Optional Onan 2.5–3.6kW
Winnebago,Outlook,Class C,Gas,Ford 7.3L V8,350,,Ford E-450,,2014,2022,4,22C; 25J; 27D; 31C,22,31,11000,14500,6,1,4.3,,,Ford 6.8L V10 / 6.2L V8 (by year),305,Ford 7.3L V8,350,44,30,30,,5000,Onan 4000W Gas MicroQuiet
Winnebago,Porto,Class C,Diesel,Mercedes-Benz turbodiesel,188,,Mercedes Sprinter,,2019,2023,3,24P; 24J; 24V,24,25,10000,12000,4,0,4.45,,,,,Mercedes-Benz turbodiesel,188,30,24,24,,5000,Optional
Winnebago,Revel,Class B,Diesel,Mercedes-Benz 2.0L I4 turbodiesel,208,,Mercedes-Benz Sprinter 4x4,,2018,2026,1,44E,19,20,9000,11000,2,0,4.65,,,,,Mercedes-Benz 2.0L I4 turbodiesel,208,21,21,5,,5000,None (lithium + solar)
Winnebago,Solis,Class B,Gas,RAM 3.6L V6 gas,276,,RAM ProMaster,,2019,2026,3,59P; 59PX; 59PO,19,21,8000,9500,4,0,4.4,,,,,RAM 3.6L V6 gas,276,21,13,13,,3500,Optional
Winnebago,Spirit,Class C,Gas,Ford 7.3L V8 Godzilla,350,,Ford E-450,,2005,2026,7,22M; 25B; 26T; 31H; 31G; 27Q; 30D,22,32,11000,14500,7,1,4.35,Ford 6.8L V10 / 6.2L V8 (by year),305,Ford 6.8L V10 / 6.2L V8 (by year),305,Ford 7.3L V8 Godzilla 350HP,350,44,30,30,,5000,Onan 4000W Gas MicroQuiet
Winnebago,Sunstar,Class A Gas,Gas,Ford 7.3L V8 Godzilla,350,,Ford F53,,2010,2026,5,27N; 29VE; 30T; 35F; 31B,27,36,16000,22000,7,2,4.35,,,Ford Triton V10 6.8L,320,Ford 7.3L V8 Godzilla,350,72,38,36,,5000,Onan 5500W Gas MicroQuiet
Winnebago,Travato,Class B,Gas,RAM 3.6L V6 gas,276,,RAM ProMaster,,2014,2026,3,59G; 59K; 59KL,21,21,8500,9500,2,0,4.5,,,RAM 3.6L V6 gas,180,RAM 3.6L V6 gas,276,21,13,13,,3500,Optional / lithium packages
Winnebago,Via,Class A Diesel,Diesel,Mercedes-Benz 3.0L turbodiesel,188,,Mercedes-Benz Sprinter cowl,,2013,2021,2,25P; 25T,25,26,11000,13000,4,1,4.5,,,Cummins ISL / ISB 300–450HP (era),380,Mercedes-Benz 3.0L turbodiesel,188,37,36,36,,5000,Optional
Winnebago,View,Class C,Diesel,Mercedes-Benz 2.0L I4 turbodiesel,208,,Mercedes-Benz Sprinter,,2006,2026,7,24G; 24J; 24V; 24H; 24D; 24R; 24T,24,26,10000,12500,4,0,4.6,,,Mercedes-Benz Sprinter 3.0L V6 turbodiesel,188,Mercedes-Benz 2.0L I4 turbodiesel,208,30,26,22,,5000,Onan 2.5–3.6kW LP/Diesel options
Winnebago,Vista,Class A Gas,Gas,Ford 7.3L V8 Godzilla,350,,Ford F53,TorqShift automatic,2010,2026,7,26P; 27P; 31B; 35F; 29VE; 33W; 32M,27,36,16000,22000,8,2,4.4,,,Ford Triton V10 6.8L,320,Ford 7.3L V8 Godzilla,350,74,41,41,80,5000,Onan 5500W Gas MicroQuiet
Winnebago,Vita,Class C,Diesel,Mercedes-Benz turbodiesel,188,,Mercedes Sprinter,,2018,2022,3,24P; 24J; 24F,24,25,9500,11500,4,0,4.4,,,,,Mercedes-Benz turbodiesel,188,28,22,22,,5000,Optional
Winnebago Classic,Chieftain,Class A Gas,Gas,Ford V10 6.8L,320,,Ford F53,,1966,2006,4,30Y; 33V; 36G; 39V,30,39,22000,28000,7,2,4.3,Ford Triton V10 6.8L,320,Ford Triton V10 6.8L,320,,,75,38,38,,5000,Onan 5500W Gas MicroQuiet
Winnebago Classic,Ultimate Freedom,Class A Diesel,Diesel,Cummins ISL 340HP,340,,Freightliner XCS,,2000,2007,3,40CD; 40QD; 43BD,40,43,42000,50000,6,3,4.5,Cummins ISL / ISB 300–450HP (era),380,Cummins ISL / ISB 300–450HP (era),380,,,90,46,46,,10000,Onan 8000W Diesel QD
